teamId,name,age,contractLength,position,it,sp,st,en,du,di,sk,pa,pc,df,sc,ex,ld
0,Alex Killorn,26,2,1,73,73,73,77,70,73,73,76,75,71,73,31,31
0,Cam Fowler,23,2,3,67,79,74,81,71,81,79,80,78,77,72,41,41
0,Ilya Kovalchuk,32,1,1,63,84,74,79,76,73,83,79,81,63,76,81,77
0,Brad Winchester,35,0,2,76,67,79,72,70,44,67,69,67,69,68,45,45
0,Andrei Markov,36,1,3,68,77,72,83,64,74,77,80,78,78,73,74,73
0,Martin Hanzal,28,2,0,70,73,81,77,62,63,73,78,77,72,74,50,45
0,Matt Halischuk,27,2,1,67,76,67,74,67,82,76,71,74,71,68,32,31
0,Jeff Carter,30,4,2,73,80,75,80,69,76,80,81,81,73,81,62,60
0,Adam Hall,35,0,0,69,70,75,73,74,77,68,70,70,67,70,58,58
0,Cristopher Nilstorp,32,0,4,78,79,78,75,75,78,79,71,78,0,0,26,28
0,Stephane Robidas,38,2,3,74,73,65,75,60,70,73,72,74,77,61,80,80
0,Claude Giroux,28,3,0,76,82,71,86,76,72,82,85,82,73,78,46,47
0,Chris Butler,29,3,3,66,76,69,75,65,69,76,74,75,74,62,37,37
0,Erik Johnson,27,3,3,74,76,78,80,62,72,75,77,76,76,74,46,45
0,Phil Kessel,28,1,2,68,86,68,82,80,79,86,84,84,66,82,60,55
0,Brent Burns,30,3,3,75,76,81,79,71,67,76,81,80,72,79,57,57
0,Milan Michalek,31,1,1,68,79,76,77,62,72,79,75,73,69,73,61,61
0,Jay Beagle,29,1,2,75,70,78,75,71,74,72,72,72,72,72,34,33
0,Patrick Kane,27,1,1,70,86,68,80,73,80,86,86,86,69,83,52,52
0,Matt Irwin,27,1,3,70,70,76,77,70,74,70,75,74,73,72,30,27
0,Maxim Goncharov,26,0,3,68,68,74,72,70,63,66,64,68,68,64,25,25
0,Chad LaRose,34,0,2,72,71,64,72,67,71,71,69,70,69,70,49,49
0,Joey MacDonald,35,2,4,78,79,76,76,77,76,79,73,79,0,0,42,42
0,Jaromir Jagr,43,1,2,66,74,77,78,72,73,75,81,82,60,76,99,90
0,Richard Park,40,0,1,58,70,56,70,60,75,70,70,70,69,68,73,73
0,Patrik Berglund,27,1,0,64,75,75,78,77,76,75,73,77,70,75,47,43
0,Semyon Varlamov,27,4,4,84,88,84,84,73,69,88,80,89,0,0,44,44
0,Danny Syvret,30,1,3,62,72,67,71,75,79,70,70,70,72,65,32,32
0,Ryan Spooner,23,2,1,67,75,65,74,71,74,74,73,73,70,71,29,25
0,Phillip Lane,22,4,2,70,65,70,69,70,66,65,66,66,65,66,25,25
0,Rocco Grimaldi,22,4,0,66,68,58,67,69,68,66,67,66,65,65,25,25
0,Patrik Hersley,28,4,3,68,66,71,66,67,68,64,66,64,67,65,25,25
0,Alvaro Montoya,30,2,4,77,81,79,76,69,79,81,82,81,0,0,38,38
0,David Jones,31,1,2,63,74,75,75,61,75,74,74,74,70,73,37,37
1,Jamie McGinn,27,2,1,72,74,73,77,69,73,74,73,73,70,73,39,39
1,Reto Berra,29,3,4,80,81,79,75,72,74,82,77,81,0,0,30,29
1,Patrice Cormier,25,1,0,75,69,75,72,70,54,69,66,69,70,67,28,28
1,Adam Pardy,31,2,3,71,68,80,75,69,68,70,70,70,74,58,36,36
1,Raphael Diaz,29,2,3,67,76,69,75,70,75,76,72,73,75,66,31,31
1,Danny Kristo,25,1,2,63,73,60,70,65,71,73,70,70,60,69,25,25
1,Mike Brown,29,2,2,81,75,79,73,67,53,75,67,68,70,63,36,36
1,Eddie Lack,27,1,4,79,83,81,78,75,79,83,72,84,0,0,33,31
1,Zack Stortini,29,1,2,88,65,85,70,70,34,65,65,65,67,65,37,37
1,A.J. Thelen,24,1,3,50,68,72,64,62,65,68,66,55,62,51,25,25
1,Frazer McLaren,27,2,1,80,66,85,70,75,40,66,66,68,66,62,32,34
1,Cody Hodgson,25,1,0,66,76,73,77,71,78,76,74,75,63,73,35,35
1,Alain Goulet,23,1,3,55,60,65,71,68,70,60,65,67,68,61,25,25
1,Alex Gudbranson,21,1,3,69,65,69,67,65,69,63,65,65,66,64,25,25
1,Jaroslav Janus,26,2,4,76,77,72,73,70,73,77,66,77,0,0,25,25
1,Brett Sutter,28,1,0,78,71,71,72,68,55,71,69,69,68,66,28,27
1,Phil Oreskovic,28,1,3,73,58,77,66,65,40,58,64,61,63,58,26,26
1,Trevor Van Riemsdyk,24,2,3,65,69,69,71,69,73,70,69,70,70,68,27,27
1,Boone Jenner,21,2,0,70,72,73,74,68,70,72,74,73,72,74,29,31
1,Scottie Upshall,31,4,2,74,73,69,73,50,63,73,70,70,67,71,52,52
1,Alec Martinez,27,4,3,70,74,75,78,67,79,74,76,76,75,73,36,36
1,Patrick Kaleta,28,1,2,81,72,76,73,53,45,72,65,70,69,64,41,41
1,Brian McGrattan,34,1,2,85,62,83,70,68,43,68,63,66,59,61,36,36
1,Jarred Tinordi,23,2,3,70,67,76,72,71,68,70,68,70,70,68,27,27
1,Jamie McBain,27,2,3,67,75,74,75,68,80,75,73,73,73,69,35,35
1,Niklas Grossman,31,3,3,72,67,81,78,70,73,69,70,71,78,59,48,45
1,Ville Leino,32,2,0,66,69,68,70,60,74,70,70,68,65,67,39,39
1,Jimmy Hayes,26,2,1,73,69,81,75,72,75,71,72,72,66,74,29,28
1,Stefan Legein,27,2,2,64,67,62,67,64,62,68,68,68,64,65,25,25
1,Shane O'Brien,32,1,3,78,66,79,73,70,30,66,69,69,71,57,51,53
1,Emerson Etem,23,2,1,67,74,73,74,71,77,74,70,71,68,70,27,27
1,Richard Bachman,28,2,4,79,82,72,76,74,68,82,73,82,0,0,27,27
2,Will Acton,28,2,0,69,69,70,70,71,69,69,70,68,69,68,27,25
2,Jay McClement,32,3,0,66,75,70,76,78,78,75,71,74,74,70,63,63
2,Marc-Andre Fleury,30,2,4,83,89,82,89,74,85,89,80,89,0,0,71,69
2,Jakub Voracek,26,1,2,71,78,76,80,77,70,77,85,82,70,77,49,49
2,Tyson Sexsmith,28,0,4,78,78,71,72,71,74,78,71,78,0,0,25,25
2,Brandon Mashinter,27,2,1,68,64,72,72,69,68,67,70,69,68,65,25,25
2,Nic Dowd,25,1,0,66,67,67,68,65,63,67,67,65,60,66,25,25
2,Colin Wilson,26,3,1,72,75,76,77,71,81,74,77,75,69,75,36,36
2,Kyle Flanagan,27,2,0,66,66,63,67,68,71,68,68,66,67,64,25,25
2,Jonathan Ericsson,31,2,3,73,71,80,78,65,70,72,74,72,76,64,41,41
2,Frans Nielsen,31,1,0,67,78,66,80,75,80,77,80,78,74,74,50,48
2,Andrej Sekera,29,1,3,69,77,73,78,71,80,76,77,74,76,72,48,44
2,Dan Paille,31,3,2,67,75,72,75,73,80,75,72,72,73,72,50,48
2,Ben Smith,27,4,1,68,75,71,76,71,81,74,72,73,70,73,30,29
2,Carter Hutton,29,1,4,81,81,79,78,75,81,81,75,81,0,0,32,26
2,Michael Raffl,27,2,1,70,72,70,75,71,70,73,73,72,71,74,29,29
2,Blake Wheeler,29,2,2,73,77,81,83,83,68,75,81,79,71,78,48,48
2,Cal Heeter,27,2,4,77,76,76,76,71,79,75,73,75,0,0,27,27
2,Brent Seabrook,30,3,3,73,77,82,82,77,79,77,78,76,81,74,65,65
2,Jordan Nolan,26,1,1,79,69,78,75,68,60,71,70,71,70,69,31,30
2,Mark Pysyk,24,2,3,68,69,68,72,69,71,70,71,72,70,68,28,27
2,Nick Schultz,33,1,3,68,75,74,78,76,69,75,72,71,77,57,80,80
2,Carlo Colaiacovo,31,2,3,67,75,70,74,25,70,76,72,71,72,64,44,44
2,Max Pacioretty,26,1,1,71,80,76,80,72,73,81,78,79,72,83,44,41
2,Oliver Lauridsen,26,2,3,70,64,71,67,68,63,66,67,67,68,67,25,25
2,Artem Anisimov,27,1,0,67,77,73,76,71,78,76,74,76,72,74,41,40
2,Kris Russell,28,2,3,71,76,67,79,71,79,75,78,75,78,71,50,50
2,Brendan Gallagher,23,2,2,69,78,62,77,73,68,77,77,77,73,76,35,30
2,Sam Gagner,26,1,0,67,79,65,78,72,72,78,78,77,65,73,50,43
2,Carl Gunnarsson,29,1,3,73,74,71,78,72,80,75,75,75,78,63,39,38
2,Drew Miller,31,1,1,73,74,69,76,74,80,74,72,74,73,71,44,40
2,Chris Bourque,29,1,1,66,75,62,72,70,64,75,74,71,64,70,26,26
2,Kevin Goumas,23,2,1,65,69,61,63,64,66,68,66,65,67,66,25,25
2,Nate Schmidt,24,2,3,70,70,71,73,71,71,71,69,71,72,67,29,28
2,Cedric Paquette,22,4,0,72,72,72,74,70,67,72,72,71,71,72,28,28
2,Ben Chiarot,24,2,3,73,68,75,74,65,68,71,71,71,73,66,27,27
2,Matt Bartkowski,27,3,3,69,71,70,75,70,72,72,74,71,76,62,30,28
2,Michael Neal,26,1,1,67,60,73,67,69,67,60,62,62,59,58,25,25
2,Jeremy Langlois,24,4,2,68,66,69,66,67,68,64,66,66,66,66,25,25
2,Rob Zepp,33,4,4,74,76,75,74,75,76,76,78,78,0,0,25,27
2,Kent Patterson,26,1,4,72,75,70,69,68,73,75,70,75,0,0,25,25
2,Evgeny Medvedev,32,4,3,73,64,73,71,72,70,69,70,70,70,68,33,29
2,Michal Jordan,24,4,3,70,66,69,66,67,67,67,65,66,66,64,25,25
3,Lars Eller,26,1,0,73,75,74,77,73,64,75,76,74,71,73,36,34
3,Ryan Ellis,25,3,3,63,79,65,76,66,75,79,76,77,74,71,32,30
3,Jussi Rynnas,28,0,4,78,78,80,74,75,73,78,69,78,0,0,26,26
3,Drew Doughty,26,2,3,76,83,73,86,77,68,83,85,85,80,75,48,48
3,Niklas Svedberg,26,2,4,78,80,79,75,74,75,80,74,80,0,0,28,27
3,Chris Vande Velde,28,3,1,69,73,68,75,71,68,71,70,71,65,71,29,28
3,Travis Moen,33,3,1,74,70,74,72,68,64,70,72,70,73,69,63,63
3,Gabriel Bourque,25,3,1,70,76,69,77,76,82,76,73,71,68,72,35,31
3,Mike Zigomanis,34,1,0,60,65,65,69,60,65,65,70,70,68,68,40,40
3,Keith Aulie,26,1,3,65,67,78,73,68,66,66,71,70,74,59,30,28
3,Nikita Zadorov,20,4,3,72,67,74,68,70,67,68,70,70,70,68,29,27
3,Dylan McIlrath,23,2,3,73,68,76,70,70,59,68,66,65,67,65,26,25
3,Alexander Salak,29,0,4,74,70,76,70,70,73,70,70,76,0,0,25,25
3,Hampus Lindholm,21,2,3,72,74,74,75,74,71,74,79,78,77,72,29,29
3,David Clarkson,31,2,2,82,72,78,77,62,43,73,71,74,69,73,50,48
3,Tomas Jurco,22,3,2,73,70,71,74,71,74,71,72,71,71,70,31,28
3,Zack Kassian,24,4,2,77,71,79,76,73,43,72,72,74,66,73,32,29
3,Alexei Emelin,29,1,3,81,76,79,77,66,64,76,71,70,76,64,36,34
3,Zack Phillips,23,3,0,68,67,65,69,68,68,66,66,65,64,67,25,25
3,Kari Lehtonen,31,1,4,79,87,86,82,62,76,87,79,89,0,0,57,56
3,Mattias Tedenby,26,2,2,60,78,63,74,70,78,78,72,74,60,67,28,28
3,Evander Kane,24,4,1,80,79,76,80,65,70,79,77,79,71,77,38,36
3,Chris Neil,36,3,2,83,70,79,76,73,25,70,70,70,70,69,70,80
3,Magnus Paajarvi,24,1,2,68,78,70,75,70,78,79,72,73,66,71,32,32
3,Taylor Beck,24,1,1,67,68,75,75,70,71,70,72,70,67,71,28,27
3,Mattias Janmark-Nylen,22,4,0,68,66,69,66,67,68,64,66,64,67,65,25,25
3,Blake Kessel,26,1,3,65,65,74,70,70,68,65,65,64,65,60,25,25
3,Shane Sims,27,0,3,66,65,66,70,69,63,65,64,64,66,56,25,25
3,Peter Andersson,24,4,3,71,66,71,69,67,65,67,66,65,65,65,25,25
3,Tyler Cuma,26,1,3,66,67,72,73,60,70,67,66,66,75,46,25,25
3,Stefan Noesen,23,2,2,68,65,67,66,65,69,66,65,67,66,66,25,25
3,Matt Rust,26,1,0,59,70,57,65,60,73,70,60,60,56,60,25,25
3,Danny Hobbs,26,1,0,62,65,62,69,68,70,65,67,64,58,62,25,25
3,Vincent Lecavalier,35,1,0,66,73,78,76,60,75,76,75,76,65,72,90,94
3,Mike Komisarek,34,0,3,73,67,77,70,70,55,67,65,65,69,60,51,51
3,David Warsofsky,25,1,3,60,74,58,72,69,72,72,69,69,68,62,26,26
3,Bobby Ryan,28,2,2,69,78,77,79,77,72,78,81,81,69,75,50,47
3,Michal Handzus,38,2,0,68,64,78,73,73,77,64,73,74,74,70,82,80
3,Andrew MacDonald,29,1,3,67,74,71,83,67,73,74,77,76,75,68,40,40
3,Jack Connolly,27,1,0,65,74,62,73,67,70,74,73,71,62,69,25,25
3,Blake Parlett,26,2,3,62,65,72,72,70,63,65,65,65,69,60,25,25
3,Scott Timmins,26,0,0,70,70,68,72,68,73,72,66,66,70,66,27,27
3,Jacob Markstrom,26,2,4,81,82,84,76,74,81,82,70,81,0,0,27,27
3,Jordan Schroeder,25,3,2,66,75,66,73,71,75,72,71,71,69,70,27,26
4,Brad Marchand,27,3,1,78,79,66,79,73,60,78,77,77,76,77,37,37
4,Drew Shore,25,4,0,68,72,72,73,69,71,72,71,72,68,69,27,26
4,Ben Bishop,28,1,4,86,87,93,84,72,79,87,80,87,0,0,34,34
4,Dustin Tokarski,26,1,4,80,82,78,76,74,77,82,72,82,0,0,30,29
4,P-A Parenteau,32,1,2,74,73,68,77,73,65,73,76,78,66,72,38,41
4,Jared Boll,29,5,2,87,67,83,73,67,35,69,68,69,69,62,45,45
4,Barret Jackman,34,3,3,81,72,80,81,70,66,71,71,71,81,58,68,71
4,Colton Gillies,27,1,1,70,76,73,71,70,66,75,69,70,68,67,31,25
4,Jayson Megna,25,2,2,69,72,68,74,68,74,71,71,72,69,69,27,26
4,Valtteri Filppula,31,3,1,67,79,70,78,75,78,79,80,80,74,73,57,54
4,Derek Roy,32,2,0,67,79,59,80,69,75,79,79,78,69,72,64,63
4,Craig Adams,38,4,0,71,71,69,73,75,65,71,68,70,70,64,82,82
4,Jared Spurgeon,26,2,3,63,79,63,79,68,79,79,77,77,76,72,37,37
4,Jerry D'Amigo,24,4,1,67,75,68,72,70,73,75,69,69,67,68,26,26
4,Scott Hannan,36,3,3,71,65,76,76,75,72,65,70,69,75,57,82,82
4,Ryan Kesler,30,1,0,76,75,77,80,72,60,76,78,77,75,75,66,66
4,Libomir Visnovsky,39,1,3,55,74,63,74,45,80,75,74,75,71,70,80,80
4,Johnny Boychuk,31,4,3,75,75,79,80,71,73,74,79,76,82,73,38,38
4,Marian Gaborik,33,2,2,62,88,69,77,49,82,88,78,83,65,79,79,79
4,David Legwand,35,1,0,61,78,70,76,62,74,79,76,75,73,72,87,87
4,Michael Latta,23,5,0,75,69,72,73,69,54,70,71,70,70,70,27,27
4,Johan Larsson,23,2,0,66,71,66,72,71,73,70,72,70,70,70,27,27
4,Jack Johnson,29,1,3,75,79,76,82,80,72,79,81,77,71,73,50,50
4,William Karlsson,22,4,0,69,72,68,76,70,73,71,70,70,69,70,32,27
4,Cory Sarich,37,3,3,72,64,72,70,59,67,66,66,68,71,62,86,85
4,Cory Emmerton,27,3,1,65,70,66,74,72,79,70,71,71,71,70,29,29
4,Matt Carey,23,2,1,65,69,66,69,67,73,69,67,66,67,68,26,25
4,Joel Ward,34,1,2,77,74,78,78,75,75,74,76,75,73,75,48,44
4,Travis Zajac,30,2,0,64,75,73,81,74,79,75,75,77,73,73,58,55
4,Ryan Carpenter,24,3,2,64,69,64,68,63,68,69,68,64,68,67,25,25
4,Michael Houser,22,5,4,76,75,78,74,70,70,75,70,73,0,0,25,25
4,Viatcheslav Voynov,25,3,3,68,75,66,79,74,62,74,81,75,75,71,30,30
4,Konrad Abeltshauser,26,3,3,71,66,71,69,67,65,67,66,65,65,65,25,25
4,Bobby Butler,28,5,2,68,74,68,73,71,76,75,72,72,68,69,29,29
4,Bobby Sanguinetti,27,5,3,62,73,71,72,69,71,73,71,68,69,68,27,27
4,Cal O'Reilly,29,5,0,64,71,65,74,70,78,71,74,73,64,70,26,26
4,Pavel Datsyuk,37,2,1,66,85,65,81,60,80,86,88,92,84,78,84,83
4,Manny Malhotra,35,1,1,65,71,75,74,62,81,71,70,70,72,67,87,87
4,Mike Lundin,31,5,3,62,74,72,74,65,77,74,71,70,75,55,35,35
4,Ossi Vaananen,31,5,3,68,66,80,76,82,65,66,60,58,75,48,52,50
4,Steve Moses,25,4,2,65,71,70,71,70,70,71,70,70,70,73,28,26
4,Mike Vecchione,22,4,0,66,69,68,68,69,70,67,68,67,67,68,25,25
4,Troy Stecher,21,4,3,66,67,65,68,67,68,66,66,66,67,65,25,25
4,Graham Black,22,4,0,68,66,69,66,67,68,64,66,64,67,67,25,25
4,CJ Motte,23,4,4,72,75,72,73,76,75,75,76,78,0,0,25,25
4,Thomas Spelling,22,4,2,68,67,69,69,68,67,66,66,67,67,66,25,25
4,Alexei Marchenko,24,2,3,68,68,73,70,70,72,70,70,71,70,68,26,25
4,Michael Ryder,35,1,2,66,76,70,76,65,79,75,74,75,71,71,79,77
4,Kirill Koltsov,28,4,3,67,73,61,68,58,62,73,66,66,66,64,25,25
5,Shawn Thornton,38,3,2,74,68,74,70,67,58,68,69,69,66,68,62,68
5,Roman Horak,24,0,1,64,74,64,74,70,75,74,70,72,66,70,28,28
5,Jack Hillen,29,1,3,62,78,63,74,70,69,78,71,72,69,65,34,34
5,Stephane Da Costa,26,1,0,64,72,67,72,67,69,72,66,69,62,68,28,25
5,Zach Budish,24,0,2,70,72,75,72,70,66,72,70,73,63,66,25,25
5,Seth Griffith,23,3,2,68,74,66,74,72,73,72,71,71,69,71,31,28
5,Patrick Holland,23,4,2,70,65,73,71,70,66,65,68,68,68,69,28,26
5,Ty Rattie,22,4,2,66,70,68,69,69,68,67,68,68,65,69,27,26
5,Ryan Murphy,22,3,3,66,76,65,74,70,74,75,73,71,71,66,28,27
5,Luke Witkowski,25,4,3,74,69,73,71,69,60,69,68,68,70,69,29,27
5,Louis Leblanc,24,1,2,72,74,68,72,60,61,74,66,67,62,66,27,27
5,Ben Eager,32,0,1,82,71,78,71,65,38,71,65,66,66,65,45,45
5,Rasmus Rissanen,23,2,3,68,62,74,71,68,58,68,63,68,69,55,26,25
5,Mark Olver,27,1,1,66,70,66,74,72,68,69,71,70,62,70,28,28
5,Michael Ferland,23,3,1,71,69,74,73,71,69,70,70,70,69,67,28,26
5,Jeremy Welsh,27,1,0,67,70,75,71,70,75,70,69,67,68,67,26,26
5,Andrew O'Brian,22,4,3,70,66,71,66,67,67,67,65,66,66,64,25,25
5,Toni Rajala,23,1,2,60,74,56,72,68,71,74,71,70,58,70,25,25
5,David Elsner,23,1,2,58,62,65,68,68,68,62,58,58,50,60,25,25
5,Cam Janssen,31,1,2,78,68,82,71,70,53,69,63,68,70,50,41,40
5,Brian Lee,28,2,3,62,70,70,70,50,68,70,70,70,70,58,29,29
5,Colton Parayko,22,4,3,70,65,74,66,67,67,66,65,64,66,64,25,25
5,Colton Orr,33,1,2,85,62,85,71,70,38,62,64,64,63,62,47,46
5,Corey Locke,31,2,0,66,70,59,72,65,68,70,73,73,60,69,26,26
5,Theo Peckam,28,1,3,80,65,81,69,70,28,65,65,67,67,58,32,32
5,Tyler Plante,28,3,4,70,70,77,71,70,58,70,65,70,0,0,25,25
5,Dylan Olsen,25,3,3,72,71,76,74,70,69,71,71,70,73,64,27,27
5,Vadim Tarasov,38,1,4,58,72,61,63,65,65,72,55,73,0,0,30,30
5,Dennis Persson,26,1,3,62,69,68,68,64,64,69,66,70,66,62,25,25
5,Ben Blood,25,1,3,63,67,72,65,70,60,67,67,63,65,62,25,25
5,Sebastien Piche,28,2,3,63,67,63,68,65,65,67,65,65,65,65,25,25
5,Frantisek Lukes,32,3,1,54,77,52,68,60,66,77,64,64,58,63,25,25
5,Quinton Howden,23,2,1,69,68,70,68,68,71,69,70,71,69,67,28,26
5,Austin Czarnik,22,3,0,65,69,61,63,64,66,68,66,65,67,66,25,25
5,Rylan Schwartz,25,2,0,62,68,63,67,70,73,68,69,69,68,67,25,25
5,Mitch Holmberg,22,2,2,60,68,60,64,65,68,65,67,67,64,67,25,25
5,Matthew Nieto,23,3,1,67,77,67,76,72,74,76,74,74,69,72,32,27
5,Zach Sill,27,2,0,73,71,74,72,70,64,70,67,69,68,66,28,28
5,Jonathon Blum,27,3,3,65,73,67,74,72,78,74,68,72,70,64,28,28
5,Borna Rendulic,23,4,2,69,70,73,72,68,68,71,70,67,64,69,26,26
5,Colin Campbell,24,3,0,67,66,64,67,65,69,64,65,64,67,67,25,25
6,Mike Ribeiro,35,3,0,72,79,66,80,85,71,79,82,81,66,74,80,70
6,Mike Hoffman,25,1,1,69,78,68,76,72,75,76,75,74,70,76,29,29
6,Steven Stamkos,25,3,0,74,85,70,87,81,73,85,88,86,72,91,51,56
6,Ben Scrivens,29,1,4,83,82,82,80,76,84,82,73,82,0,0,31,31
6,Alexander Radulov,29,2,2,65,81,70,78,71,60,81,75,79,63,74,35,35
6,Jason Demers,26,1,3,72,74,71,77,75,70,74,76,75,75,70,39,39
6,Ryan Miller,35,1,4,88,88,75,82,73,82,88,81,88,0,0,73,73
6,Alexander Edler,29,3,3,74,75,79,82,75,69,75,76,78,77,73,50,49
6,Tomas Vincour,24,1,2,68,69,74,73,69,81,69,69,70,70,71,27,27
6,Michael Blunden,28,2,1,72,69,77,73,71,59,70,69,70,69,69,29,29
6,Michael Frolik,27,3,2,67,77,72,79,78,78,75,77,77,71,74,49,47
6,Sergei Kalinin,24,4,2,60,63,69,67,70,60,63,66,66,58,66,25,25
6,Andre Petersson,24,4,2,62,72,58,68,60,65,72,64,67,60,65,26,26
6,Chris Higgins,32,1,1,70,77,71,77,70,80,77,77,74,72,72,64,58
6,Adam Larsson,22,1,3,66,73,77,78,65,72,74,77,75,75,63,33,33
6,Tyler Seguin,23,2,0,72,81,75,83,77,82,81,85,83,71,85,37,44
6,Braydon Coburn,30,1,3,74,72,82,78,74,66,72,73,73,75,67,52,52
6,Thomas Vanek,31,3,2,69,79,75,81,74,72,79,80,80,67,76,67,67
6,Willie Mitchell,38,1,3,77,70,79,76,58,71,70,69,65,77,64,75,75
6,Brandon Dubinsky,29,2,1,82,74,73,77,64,43,73,80,75,74,74,51,51
6,Jake Allen,25,3,4,81,85,80,79,74,78,87,74,86,0,0,35,35
6,Sergei Gonchar,41,1,3,57,69,71,75,64,75,70,75,74,72,62,99,99
6,Nikolai Antropov,34,2,0,69,66,77,71,59,62,70,70,70,67,68,75,75
6,Chris Wideman,25,3,3,68,68,64,67,69,70,68,67,68,67,65,25,25
6,Patrick Eaves,31,1,1,74,75,66,73,50,76,75,70,71,73,72,47,45
6,Bryan Allen,34,2,3,74,70,78,76,72,67,70,70,70,76,56,70,70
6,Brandon Sutter,26,1,0,70,73,74,77,83,84,74,74,75,73,73,49,49
6,Mathieu Carle,28,1,3,63,71,65,73,72,68,71,73,70,68,67,25,25
6,Keith Ballard,32,1,3,70,70,66,72,55,70,70,70,70,71,61,58,58
6,Juho Olkinuora,25,1,4,75,75,77,71,71,73,75,69,72,0,0,25,25
6,Buddy Robinson,24,3,2,65,64,71,68,69,68,64,68,68,68,67,25,25
6,Tom Wilson,21,3,2,82,64,82,75,75,45,66,72,72,69,69,30,30
6,Justin Abdelkader,28,2,1,75,78,75,78,76,65,77,75,75,73,75,38,38
6,Zach Bogosian,25,3,3,79,76,80,79,54,65,76,73,74,78,68,42,41
6,Ivan Vishnevskiy,28,2,3,60,71,53,72,70,70,71,71,71,70,66,25,25
6,Daniel Ciampini,24,4,0,63,68,62,69,65,68,66,67,68,64,67,25,25
6,Andrei Kostitsyn,30,2,2,59,73,71,73,70,74,73,73,73,65,72,40,40
6,Clay Witt,23,4,4,72,74,73,73,75,75,75,76,76,0,0,25,25
6,Hampus Gustafsson,21,4,0,69,64,72,65,67,63,65,66,66,64,66,25,25
6,Kyle Cumiskey,29,1,3,63,75,59,71,63,71,75,71,71,69,68,30,30
6,Matt Garbowsky,24,4,0,66,67,65,67,68,68,66,66,65,67,64,25,25
6,Kellan Lain,26,3,0,80,62,78,70,70,33,62,65,68,62,66,25,25
7,Chase Balisy,23,3,0,64,69,64,68,63,68,69,66,64,66,67,25,25
7,Kevin Klein,30,3,3,75,74,76,78,71,76,74,73,74,79,72,48,48
7,Shawn Matthias,27,3,0,70,75,77,75,75,72,73,71,73,69,74,39,37
7,Radim Vrbata,34,2,2,66,80,66,80,72,78,80,80,79,65,80,73,70
7,Mark Zengerle,26,4,1,64,70,60,72,72,67,70,68,68,64,68,25,25
7,Nick Bonino,27,2,1,73,75,72,77,71,77,75,76,74,71,74,35,35
7,Anton Stralman,29,4,3,69,76,71,80,77,76,75,81,78,79,68,46,46
7,Nikita Nikitin,28,3,3,64,75,76,78,65,78,75,73,73,75,69,34,34
7,Corey Perry,30,3,2,80,79,80,84,81,64,79,81,82,73,84,60,60
7,Patrick Sharp,33,2,0,75,81,71,80,65,73,81,81,78,74,76,67,67
7,Sven Andrighetto,22,4,2,68,71,68,69,68,67,72,70,72,67,68,26,25
7,Mikkel Boedker,25,3,1,63,83,68,79,70,77,83,77,77,69,75,43,43
7,Jimmy Howard,31,3,4,82,88,82,84,60,81,88,79,89,0,0,49,49
7,Mark Letestu,30,3,2,65,76,66,76,68,85,75,73,76,68,72,34,34
7,Erik Gustafsson,23,4,3,69,67,70,72,66,60,66,70,70,69,65,35,27
7,Matt Tennyson,25,4,3,71,71,74,74,71,71,71,70,70,71,64,26,25
7,Fredrik Claesson,23,2,3,67,68,65,66,65,70,66,67,65,66,65,25,25
7,Ryan Suter,30,1,3,81,78,78,88,76,76,78,86,79,81,70,61,61
7,Tim Heed,24,4,3,68,66,69,66,67,68,64,66,64,67,65,25,25
7,Shayne Gostisbehere,22,4,3,68,66,67,66,67,68,64,66,64,67,65,25,25
7,Ryan O'Reilly,24,1,0,72,78,72,83,76,85,76,81,78,72,76,40,46
7,Marcus Sorensen,23,4,1,63,68,62,69,65,68,66,67,68,64,67,25,25
7,Danny Dekeyser,25,4,3,68,75,74,77,70,72,75,76,76,75,70,33,32
7,Vern Fiddler,35,2,0,70,72,68,76,74,71,73,74,73,74,72,66,66
7,Max Friberg,22,4,1,66,70,64,67,70,68,69,68,69,69,68,26,25
7,Yanni Gourde,23,3,1,66,67,65,67,68,68,66,66,65,67,64,25,25
7,Mark Barberio,25,2,3,68,71,72,75,72,74,71,71,72,74,65,29,29
7,Brenden Miller,21,4,3,70,66,69,66,67,67,67,65,66,66,64,25,25
7,Cam Atkinson,25,3,2,68,80,62,75,75,80,79,75,76,68,75,36,32
7,Mika Zibanejad,22,2,1,69,72,77,77,73,76,73,76,75,68,74,35,32
7,Mat Bodie,25,3,3,64,68,64,68,67,67,65,66,64,66,65,25,25
7,Derek Morris,37,3,3,71,71,74,72,67,70,71,72,71,72,62,90,90
7,Matt Puempel,22,4,1,71,69,70,73,66,70,70,68,69,68,69,30,26
7,Tyler Graovac,22,4,0,70,69,72,71,70,71,69,70,70,68,69,28,26
7,Jaroslav Halak,30,1,4,89,90,76,83,75,81,89,79,87,0,0,48,48
7,Jean Francois Berube,24,2,4,76,77,76,74,73,74,77,70,74,0,0,25,25
7,Justin Florek,25,2,1,68,66,70,70,70,73,69,70,70,69,70,26,25
7,Austin Madaisky,23,3,3,70,65,66,69,67,65,67,64,65,65,65,25,25
7,Rickard Rakell,22,4,0,72,73,70,75,70,74,73,74,73,70,72,30,26
7,Joni Ortio,24,2,4,78,79,77,76,75,78,78,74,78,0,0,26,25
7,Oliver Ekman-Larsson,23,3,3,71,79,71,84,78,71,79,80,79,77,76,42,42
7,Kyle Rau,22,3,0,64,69,64,68,63,68,69,66,64,66,67,25,25
7,Lance Bouma,25,2,1,77,71,73,75,72,69,71,73,73,70,72,31,29
7,Max Gortz,22,4,2,66,68,69,67,69,68,66,67,66,65,65,25,25
7,Chad Ruhwedel,25,2,3,64,69,64,71,69,75,69,70,70,72,68,26,25
8,Brian Gionta,36,3,2,69,82,57,77,70,75,82,75,77,71,73,76,80
8,Brodie Ellis,33,4,0,67,56,70,60,69,35,56,51,50,55,49,25,25
8,Colin Greening,29,5,1,74,76,77,74,74,70,76,68,71,66,69,35,35
8,Chris Thorburn,32,1,1,76,66,78,74,70,59,69,71,71,72,70,48,48
8,Eric Nystrom,32,2,2,76,76,73,76,77,68,76,71,68,70,71,50,49
8,Tim Gleason,32,5,3,74,73,77,77,69,64,73,71,72,75,55,64,61
8,Derek Dorsett,29,5,2,85,70,79,76,68,34,70,73,72,71,70,39,39
8,Matt Cooke,37,5,1,75,73,72,74,70,66,73,72,72,72,71,86,83
8,Jason Labarbera,35,5,4,77,79,79,74,73,76,79,77,79,0,0,50,46
8,John Scott,33,2,3,80,61,89,75,74,45,64,65,68,72,56,32,32
8,Viktor Fasth,33,5,4,81,82,76,77,75,78,82,70,82,0,0,30,28
8,Jakub Kovar,27,2,4,77,79,76,75,75,78,77,78,78,0,0,25,25
8,Christian Thomas,23,2,2,62,73,62,72,66,70,70,71,70,69,70,28,25
8,Lukas Sutter,21,4,0,67,68,71,67,69,68,66,67,66,67,65,25,25
8,Phillip Danault,22,4,0,70,65,71,72,70,66,69,70,68,68,69,28,26
8,Austin Watson,24,2,0,69,67,70,70,69,68,67,69,67,68,69,25,25
8,Keegan Lowe,22,4,3,68,66,67,66,67,68,64,66,64,67,65,25,25
8,Jordan Binnington,21,4,4,74,76,75,73,75,76,76,78,78,0,0,25,27
8,Steve Downie,28,3,2,85,75,78,75,56,25,75,74,74,70,73,40,40
8,Victor Rask,22,4,0,70,66,72,71,71,72,70,72,72,68,70,30,28
8,Aaron Ness,25,2,3,60,69,64,66,68,68,68,71,70,70,66,28,25
8,Corban Knight,25,2,0,65,69,67,71,67,67,70,68,68,64,68,26,25
8,Joakim Nordstrom,27,2,0,69,70,69,72,72,77,71,71,71,68,70,27,27
8,Dalton Smith,22,4,1,68,66,72,66,67,68,64,66,64,65,66,25,25
8,Mikko Vainonen,21,4,3,68,66,72,66,67,68,64,66,64,67,65,25,25
8,Sam Carrick,23,3,0,71,71,71,71,70,60,70,67,70,69,68,27,27
8,Petter Granberg,23,3,3,72,65,74,70,70,59,70,68,69,70,64,31,25
8,Thomas McCollum,26,3,4,74,78,75,71,70,70,78,70,78,0,0,26,26
8,Nicklas Jensen,22,4,2,70,69,72,71,70,71,69,70,70,68,69,28,26
8,Vladislav Namestnikov,23,3,0,66,74,66,75,72,71,70,72,71,69,71,30,27
9,Brendan Ranford,23,3,1,64,69,64,68,68,68,68,68,68,68,67,25,25
9,Jannik Hansen,29,1,2,66,75,71,78,77,73,75,73,73,72,73,39,38
9,Alan Quine,22,4,0,66,69,68,68,69,70,67,68,67,67,68,25,25
9,Keaton Ellerby,26,5,3,71,70,76,73,68,76,70,70,70,74,57,32,30
9,Nick Spaling,26,5,0,69,71,68,77,70,78,72,73,73,72,72,36,36
9,Zack Smith,27,1,1,78,69,77,77,77,43,69,71,73,72,72,35,35
9,Jan Hejda,37,1,3,73,73,77,80,76,73,72,73,71,76,61,58,51
9,Nikolai Kulemin,28,1,2,73,75,74,75,74,74,75,74,73,74,72,46,46
9,Anton Zlobin,22,4,1,66,69,68,71,69,68,69,68,68,68,67,28,27
9,Petr Zamorsky,23,3,3,68,66,67,66,67,68,64,66,64,67,65,25,25
9,Michael Grabner,27,4,1,65,81,65,75,60,78,81,73,75,63,73,38,34
9,Martin Havlat,34,1,1,61,79,70,75,43,70,80,75,76,72,72,73,73
9,Eric Fehr,30,2,2,70,67,75,76,60,77,69,74,73,70,74,42,40
9,Jerred Smithson,36,3,2,72,69,75,72,70,73,69,67,70,72,61,56,56
9,Philip McRae,25,0,0,69,70,73,69,70,69,69,66,70,68,69,26,25
9,Greg Carey,25,2,0,66,69,63,68,70,70,69,70,70,68,70,25,25
9,Greg Nemisz,26,3,0,67,70,74,72,70,71,70,67,70,67,67,26,26
9,Justin Braun,28,2,3,68,72,77,79,76,73,73,77,76,75,69,37,36
9,Dennis Rasmussen,24,4,1,70,65,70,69,70,66,66,68,68,68,69,25,25
9,Anton Khudobin,29,3,4,81,84,76,77,75,78,84,75,84,0,0,33,31
9,Vladimir Sobotka,28,2,0,71,76,67,75,69,66,76,73,74,74,71,40,40
9,Trevor Lewis,28,1,2,72,77,70,74,74,75,75,70,69,74,71,35,35
9,Devan Dubnyk,28,5,4,83,86,92,79,76,77,86,76,86,0,0,37,37
9,Brandon Davidson,23,4,3,68,66,69,66,67,68,64,66,64,67,65,25,25
9,Jiri Tlusty,27,3,1,66,77,70,77,71,80,76,74,74,69,73,44,44
9,Torrey Mitchell,30,1,0,72,75,66,75,69,73,74,71,72,73,69,43,41
9,Josh Jooris,25,3,2,72,75,70,73,71,74,71,73,71,69,72,31,27
9,Steven Delisle,25,2,3,70,63,69,65,60,65,65,66,65,66,64,25,25
9,David Schlemko,28,3,3,67,72,73,75,70,78,73,71,74,75,66,35,35
9,Mark Stuart,31,2,3,77,72,77,77,70,53,72,72,70,77,62,51,48
9,Radko Gudas,25,1,3,80,67,76,76,70,33,66,72,71,74,65,31,30
9,Brad Malone,26,1,0,75,70,75,74,71,64,71,71,71,66,71,29,29
9,Tim Erixon,25,1,3,67,72,72,74,70,70,72,72,72,73,67,29,27
9,Gleason Fournier,24,2,3,66,67,66,65,68,71,66,66,65,65,65,25,25
9,Cody Rosen,25,2,4,76,75,75,71,70,73,73,73,73,0,0,25,25
9,Jordan Weal,23,2,0,66,69,62,64,64,67,69,67,65,67,67,25,25
9,Reece Scarlet,22,4,3,68,66,67,66,67,68,64,66,64,67,65,25,25
9,Ryan Wilson,28,3,3,74,72,76,74,60,70,70,71,70,75,66,37,37
9,Tanner Lane,22,4,0,66,68,69,67,69,68,66,67,66,65,65,25,25
9,Mark Owuya,26,2,4,79,79,75,73,73,77,79,69,79,0,0,25,25
9,Mikael Backlund,26,2,0,70,78,69,77,73,81,77,75,76,70,73,38,38
9,Josh Harding,31,2,4,81,81,77,75,42,72,81,75,81,0,0,38,37
9,Troy Grosenick,26,3,4,76,79,77,75,71,74,77,72,76,0,0,26,26
10,Calle Jarnkrok,24,2,1,64,77,65,74,70,72,77,74,74,72,70,28,27
10,Jared Cowen,24,4,3,75,71,78,76,65,63,71,71,71,77,69,36,31
10,Alexander Ovechkin,29,1,1,81,87,80,88,88,72,87,81,89,64,91,70,70
10,Alex Tanguay,35,1,0,69,78,69,77,68,70,78,79,76,70,75,83,82
10,Karl Alzner,27,1,3,73,74,78,80,81,76,74,73,74,78,62,42,39
10,Mike Halmo,24,2,1,72,66,68,70,68,58,68,67,67,66,68,26,25
10,Michael St.Croix,22,4,2,66,68,64,67,69,68,66,67,66,65,65,25,25
10,Victor Hedman,24,1,3,76,76,82,82,74,71,76,81,77,79,73,45,41
10,Joe Vitale,30,2,0,77,72,73,74,65,71,72,73,73,69,66,32,32
10,Jeremy Morin,24,3,2,71,71,70,72,68,67,70,69,72,69,71,27,25
10,Antoine Roussel,25,3,1,80,72,77,76,71,43,72,74,73,69,73,29,29
10,Nathan MacKinnon,19,2,2,66,77,68,78,70,68,78,79,78,68,76,30,30
10,Jonas Brodin,22,2,3,71,74,70,80,73,75,73,74,76,78,70,31,31
10,Brad Ross,23,3,1,79,64,75,73,58,50,61,65,64,64,63,25,25
10,Zach Trotman,25,2,3,67,66,77,70,69,75,66,70,71,70,67,26,25
10,Morgan Ellis,23,3,3,69,65,69,65,65,69,63,65,65,66,64,25,25
10,Cam Talbot,28,2,4,84,84,83,79,76,79,84,81,85,0,0,34,34
10,Magnus Hellberg,24,3,4,75,77,78,71,70,73,78,69,78,0,0,26,25
10,Joshua Bailey,25,4,1,70,75,70,77,75,76,74,77,74,70,72,44,44
10,Brenden Kichton,23,3,3,67,68,64,67,69,70,66,67,66,67,65,25,25
10,Dwight King,26,4,2,75,72,80,76,74,77,73,73,73,72,73,33,33
10,Andrej Nestrasil,24,3,1,72,67,77,74,70,72,70,72,71,69,71,35,27
10,John Gibson,22,4,4,80,80,82,76,74,73,80,73,80,0,0,27,27
10,Conor Allen,26,2,3,69,68,74,70,67,71,69,66,70,71,66,26,26
10,Christian Ehrhoff,33,1,3,71,77,75,79,68,70,77,76,76,75,68,69,69
10,Mark Fistric,29,5,3,76,64,78,74,60,65,66,72,70,76,55,38,38
10,Mike Smith,33,2,4,85,86,87,83,70,72,86,80,86,0,0,49,45
10,Jesse Blacker,24,1,3,69,72,72,72,70,67,72,67,70,68,63,26,26
10,Philip Samuelsson,24,2,3,69,67,69,70,70,67,68,68,70,67,65,26,25
10,Ryan Dzingel,27,2,0,65,66,64,68,68,74,67,69,67,66,67,25,25
10,P.E Bellemare,30,4,0,72,70,71,75,70,71,69,71,70,68,69,30,27
10,Jori Lehtera,28,2,0,70,74,75,76,71,68,73,76,76,72,73,29,28
10,Roman Josi,25,2,3,69,78,73,80,75,79,78,81,80,78,75,34,34
10,Curtis Hamilton,24,2,1,67,67,68,65,67,68,66,66,65,67,65,25,25
10,Cody McLeod,31,3,2,82,69,80,75,74,33,71,71,71,70,71,50,50
10,Stephen Weiss,32,1,0,63,79,66,77,64,73,79,76,77,70,71,66,66
10,Sidney Crosby,28,2,0,75,89,70,87,65,70,89,96,96,70,85,53,73
10,Sam Carrier,23,4,3,68,66,70,66,67,68,64,66,64,67,65,25,25
10,Austin Levi,24,2,3,67,64,67,65,68,67,65,66,66,66,64,25,25
10,Justin Shugg,24,2,1,66,69,65,70,65,71,69,66,69,64,67,26,25
10,Josh Shalla,23,4,1,67,68,69,67,69,70,66,67,66,64,67,25,25
10,Joey Leach,24,2,3,67,64,67,66,65,67,65,66,66,66,63,25,25
10,Mac Bennett,24,3,3,67,70,65,70,65,68,70,70,69,70,69,25,25
10,Brian Dumoulin,24,1,3,63,70,72,72,70,77,70,70,68,70,69,26,26
10,Filip Forsberg,21,4,2,69,74,70,76,72,73,76,78,77,72,76,32,28
10,Tyler Wotherspoon,22,4,3,71,67,75,74,66,60,66,65,66,69,65,35,27
10,Logan Shaw,22,4,2,68,66,72,66,67,68,64,66,64,65,66,25,25
10,Adam Lowry,22,4,0,72,69,72,73,69,75,70,70,71,70,72,31,27
11,Steven Fogarty,22,4,0,71,66,72,69,67,65,67,66,65,65,65,25,25
11,Boyd Gordon,32,1,0,70,72,72,75,74,77,73,72,71,71,71,54,50
11,Colin Blackwell,22,4,0,63,68,62,69,65,68,66,67,68,64,67,25,25
11,Cal Clutterbuck,27,1,1,80,73,78,75,73,64,73,72,72,71,70,42,39
11,Nolan Yonkman,30,1,3,80,55,83,76,60,50,60,55,55,72,50,33,48
11,Chris Terry,26,1,2,66,75,64,75,71,72,70,72,71,60,72,27,27
11,Michael Sgarbossa,23,3,0,70,71,63,72,70,63,70,70,70,63,68,26,26
11,Anthony Peluso,26,2,2,79,68,79,74,71,53,70,69,70,64,67,30,29
11,J.T. Brown,25,1,2,68,73,64,73,72,76,73,73,72,67,70,27,26
11,Luke Gazdic,26,2,1,80,68,80,73,72,36,71,70,70,66,64,29,26
11,Tyler Gaudet,22,2,0,67,69,73,70,69,70,69,65,67,66,64,26,25
11,Nikita Soshnikov,21,4,2,67,68,64,67,69,70,66,67,66,67,65,25,25
11,Mike Kostka,29,3,3,71,69,75,74,72,68,69,73,69,73,65,27,27
11,Beau Bennett,24,3,2,69,74,69,74,69,75,74,75,74,67,70,29,28
11,Teddy Purcell,30,1,2,67,77,76,78,81,79,77,77,76,68,72,42,42
11,Steve Michalek,21,4,4,72,74,73,73,75,75,75,76,76,0,0,25,25
11,Blair Jones,29,1,1,65,69,73,73,70,67,68,68,68,68,67,30,30
11,Eric Brewer,36,2,3,70,68,75,76,74,63,70,71,70,74,63,86,85
11,Peter Holland,25,3,0,69,75,72,75,71,73,74,74,73,70,72,31,29
11,Matt Hackett,25,2,4,80,80,76,73,73,78,80,69,80,0,0,25,25
11,Jack Campbell,23,2,4,77,79,74,75,70,78,77,78,78,0,0,25,25
11,Mark Visentin,23,2,4,75,77,75,73,75,78,76,77,76,0,0,26,25
11,Max Gaede,23,4,1,67,68,70,67,69,70,66,67,66,64,67,25,25
11,Victor Bartley,28,1,3,70,71,71,72,71,77,73,73,72,73,62,33,30
11,Chris Breen,26,4,3,68,66,77,71,71,53,65,66,65,67,55,26,25
11,Joel Edmundson,21,4,3,70,66,71,66,67,67,67,65,66,66,64,25,25
11,David Booth,30,3,1,65,78,71,75,50,78,78,72,72,68,71,47,44
11,Blake Comeau,29,1,1,71,74,74,75,71,71,74,73,73,66,73,41,41
11,James Sheppard,27,5,0,71,73,76,75,70,73,72,74,72,69,70,37,33
11,Mark Borowiecki,26,1,3,80,72,77,74,70,33,72,70,70,71,60,28,26
11,Jonas Gustavsson,31,1,4,83,84,84,79,70,76,84,74,80,0,0,37,37
11,Anton Klementyev,25,1,3,65,65,65,67,65,70,65,63,60,65,50,25,25
12,Iiro Pakarinen,23,3,2,66,73,72,77,70,73,71,70,70,66,70,31,27
12,Rene Bourque,33,1,2,66,79,76,75,68,70,80,72,72,70,71,55,50
12,Brandon Manning,24,4,3,71,67,71,74,66,60,66,65,66,69,65,32,27
12,Brad Richardson,30,2,2,66,77,65,76,70,74,77,73,73,71,73,47,47
12,Chris Phillips,37,4,3,65,71,74,75,80,73,72,71,70,75,62,92,92
12,Brooks Laich,32,4,0,72,72,75,78,65,77,72,73,73,70,72,62,62
12,Ben Lovejoy,31,2,3,75,72,76,78,70,73,72,73,74,78,66,34,34
12,R.J. Umberger,33,1,1,66,75,75,77,80,74,75,72,74,68,72,68,65
12,Kyle Brodziak,31,3,2,68,74,73,74,78,68,74,73,73,71,71,54,54
12,Tomas Kubalik,25,1,2,73,70,75,71,68,61,70,65,69,57,67,27,27
12,Paul Gaustad,33,1,0,79,64,80,76,64,61,64,73,72,72,71,52,51
12,Michael Hutchinson,25,3,4,79,83,81,78,73,77,83,80,85,0,0,29,28
12,Johnny Oduya,34,1,3,68,77,69,77,77,77,78,72,73,76,61,62,58
12,David Savard,24,1,3,68,75,73,76,75,72,74,74,72,70,72,30,28
12,David Desharnais,29,1,0,72,81,59,78,76,77,81,81,77,72,74,35,35
12,Philip Varone,25,1,0,68,73,66,73,69,68,72,70,71,60,70,26,26
12,Mikhail Grabovski,31,3,0,74,79,62,78,66,75,80,74,75,68,72,45,41
12,Marcus Johansson,25,1,2,65,81,67,80,77,85,81,79,77,71,75,36,35
12,Bill Arnold,23,3,0,67,68,64,67,69,70,66,67,66,67,65,25,25
12,Mathieu Brodeur,25,1,3,68,63,77,70,70,65,63,67,60,68,58,25,25
12,Michael Lee,25,1,4,78,75,75,72,70,53,75,65,75,0,0,25,25
12,Steve Oleksy,30,2,3,72,65,72,70,64,63,65,70,70,71,63,25,25
12,Nathan Beaulieu,23,3,3,70,75,73,75,66,60,75,72,73,71,68,32,27
12,Kyle Palmieri,24,3,1,71,77,67,75,70,70,77,74,74,70,73,30,30
12,Alexander Petrovic,24,2,3,70,66,73,72,65,63,70,70,70,70,64,26,26
12,Jan Mursak,28,2,1,62,73,63,72,70,73,73,70,70,62,66,25,25
12,Ivan Telegin,24,2,1,65,66,68,67,65,65,65,67,66,66,66,25,25
12,Nick Mattson,24,2,3,65,65,68,66,68,69,67,66,66,66,65,25,25
12,Joshua Winquist,22,2,1,63,68,63,65,60,67,67,66,67,67,68,25,25
12,Jonathan Racine,21,4,3,66,69,71,71,69,68,69,68,68,68,67,28,27
12,Nathan Gerbe,28,4,1,69,82,57,78,63,69,82,73,74,64,72,37,37
12,Mike Aviani,22,2,0,60,66,65,67,67,69,69,68,68,66,65,25,25
12,Ludvig Rensfeldt,24,2,1,67,67,68,65,67,68,66,66,65,67,65,25,25
12,Blake Coleman,24,2,0,62,68,67,67,65,68,67,67,66,66,65,25,25
12,Jeff Skinner,23,3,1,70,82,71,78,69,77,81,77,79,65,77,36,36
12,Guillaume Gelinas,22,2,3,62,70,62,65,60,63,70,66,70,66,67,25,25
12,Adam Polasek,24,2,3,65,66,68,65,65,70,67,65,66,66,62,25,25
12,Marcus Power,22,2,0,60,67,62,65,65,71,68,69,67,66,65,25,25
12,Joey Hishon,23,2,0,60,75,63,71,70,76,71,69,71,67,68,26,25
12,Sergei Bobrovsky,27,1,4,89,89,82,85,78,80,88,80,88,0,0,40,40
12,Aaron Rome,32,2,3,74,70,77,72,63,59,70,70,68,71,65,32,32
12,Chad Billins,26,2,3,64,67,64,71,70,68,69,70,70,70,68,26,26
12,Lars Volden,22,4,4,72,75,72,73,76,75,75,76,78,0,0,25,25
12,Tanner Pearson,23,3,1,71,71,72,73,70,71,72,72,73,70,72,34,29
12,Mark Fayne,28,1,3,71,70,78,78,75,70,71,72,71,76,68,35,33
12,David Musil,22,4,3,70,66,70,66,67,67,67,65,66,66,64,25,25
12,Andrei Pedan,21,4,3,70,66,72,66,67,67,67,65,66,66,64,25,25
13,David Perron,27,2,1,73,79,70,79,72,63,78,77,78,67,76,46,46
13,Luke Schenn,26,1,3,74,72,78,76,77,65,72,72,72,75,63,45,43
13,Andrew Ladd,30,2,1,73,76,77,82,78,68,76,79,79,73,77,55,66
13,Curtis Sanford,36,2,4,74,78,70,76,77,80,77,71,77,0,0,35,35
13,Steve Bernier,30,1,2,72,68,76,74,74,71,71,74,72,68,73,54,54
13,Jason Garrison,30,1,3,73,73,77,79,77,73,74,78,76,76,74,40,37
13,Wojtek Wolski,30,3,1,60,73,72,72,68,81,73,71,73,61,71,46,46
13,Jordan Staal,27,1,0,75,76,80,80,60,73,76,77,77,75,73,53,53
13,Kevin Connauton,26,2,3,73,70,73,74,71,69,70,72,71,70,71,27,27
13,Patrick Dwyer,32,1,2,71,76,70,77,77,79,75,71,71,73,70,40,38
13,Mark Cundari,25,3,3,68,69,64,71,70,67,70,69,70,71,67,25,25
13,Aaron Palushaj,25,4,0,64,73,62,72,67,76,73,72,72,66,70,27,26
13,Peter Harrold,32,1,3,68,76,68,74,70,78,76,73,72,74,62,36,36
13,Dan Ellis,35,1,4,80,80,75,75,75,75,80,75,80,0,0,46,46
13,Jyrki Jokipakka,24,2,3,72,69,72,74,73,72,71,72,72,71,64,27,27
13,Trevor Smith,31,3,0,73,71,72,75,72,72,71,72,72,67,70,27,27
13,Colin Fraser,30,2,0,75,73,70,74,70,68,72,70,71,70,67,45,40
13,Mikael Samuelsson,38,0,2,64,70,70,70,64,69,69,69,69,69,69,70,70
13,Kyle Okposo,27,2,2,75,79,77,81,73,68,78,81,80,67,77,43,41
13,Nick Petrecki,25,2,3,77,64,77,70,72,50,64,65,68,70,60,25,25
13,Ryan White,27,3,1,80,72,72,73,59,55,70,71,72,71,71,32,32
13,Steve Mason,27,2,4,83,88,86,83,74,75,88,77,88,0,0,43,42
13,Stu Bickel,29,3,2,80,64,81,71,68,33,66,66,66,73,56,26,26
13,Michal Rozsival,37,1,3,68,73,74,76,71,70,73,74,72,77,64,80,79
13,Sami Lepisto,30,3,3,70,70,70,71,68,59,70,70,70,70,59,34,33
13,Henrik Sedin,34,1,0,66,81,74,83,85,71,81,88,90,75,74,89,89
13,Korbinian Holzer,27,3,3,72,66,75,73,69,63,66,72,72,73,68,28,28
13,Craig Smith,26,4,2,70,75,73,78,74,78,75,77,76,71,76,35,35
13,Ray Emery,33,2,4,78,83,82,78,70,63,83,74,83,0,0,52,48
13,Greg Campbell,31,2,1,77,73,73,75,77,68,73,70,72,74,70,58,58
13,Benjamin Marshall,22,4,3,66,69,63,67,67,68,67,66,66,67,64,25,25
13,P.K. Subban,26,2,3,77,81,74,84,80,60,81,85,84,77,79,39,36
13,Matthew Peca,22,4,0,66,68,64,67,69,68,66,67,66,65,66,25,25
13,Marc Staal,28,2,3,72,75,80,79,68,75,75,73,73,79,69,47,46
13,Michael Parks,23,4,0,66,69,72,68,69,70,67,68,67,67,68,25,25
13,Brandon DeFazio,26,4,1,68,67,72,69,68,67,66,66,67,67,66,25,25
13,Dillon Simpson,22,4,3,68,66,69,66,67,68,64,66,64,67,65,25,25
13,Colton Hargrove,22,4,1,69,66,72,67,66,71,66,67,67,66,67,27,25
13,Mike Fisher,35,3,0,72,77,75,79,72,69,77,77,75,74,75,83,81
13,Ben Hutton,22,4,3,71,66,71,69,67,65,67,66,65,65,65,25,25
13,Joe Colborne,25,3,0,68,70,78,76,70,72,70,75,73,68,72,30,29
13,Eric Gelinas,24,2,3,71,70,77,75,69,69,71,76,74,73,71,28,28
13,Daniel Winnik,30,1,1,72,74,75,77,75,76,74,76,72,72,71,48,45
14,Josh Gorges,31,1,3,73,73,74,77,70,75,73,72,71,76,62,54,52
14,Patrick Maroon,27,3,1,77,71,79,74,72,59,71,76,74,69,72,30,31
14,Casey Bailey,23,4,0,70,68,71,69,68,69,69,71,71,68,70,27,25
14,Kenny Morrison,23,3,3,69,65,69,65,65,69,63,65,65,66,64,25,25
14,Jordan Eberle,25,1,2,69,80,66,80,75,84,80,82,82,68,78,38,38
14,Ahti Oksanen,22,4,1,68,66,72,66,67,68,64,66,64,67,65,25,25
14,Matt Frattin,27,2,2,65,77,67,75,68,75,77,71,73,66,71,29,29
14,Kevin Roy,22,4,0,63,68,62,69,65,68,66,67,68,64,67,25,25
14,Tyler Toffoli,23,2,1,72,76,71,77,72,73,75,77,76,72,75,32,30
14,Ilja Bryzgalov,35,2,4,75,79,80,75,75,80,79,76,78,0,0,65,63
14,Torey Krug,24,4,3,70,75,63,76,68,72,77,78,77,74,75,29,29
14,Alexander Burmistrov,24,5,0,67,76,64,72,70,73,76,72,73,68,71,36,36
14,Patrice Bergeron,30,2,0,73,80,73,80,77,74,80,82,83,79,77,58,62
14,Brian Flynn,27,1,0,67,72,68,75,70,79,72,72,73,64,72,29,28
14,Connor Hellebuyck,22,4,4,73,74,72,77,78,77,76,77,76,0,0,25,25
14,Teemu Pulkkinen,24,2,1,70,74,69,74,70,69,70,70,71,69,70,27,25
14,Derek Ryan,28,4,0,60,73,60,71,60,72,73,69,67,58,62,25,25
14,Chris Wagner,24,2,0,65,69,72,71,69,67,69,69,69,64,69,26,26
14,Gabriel Landeskog,22,5,1,73,75,73,80,73,63,75,79,78,70,77,35,42
14,Colby Robak,25,3,3,67,70,71,71,68,70,71,70,70,66,64,27,27
14,Tyler Ennis,26,4,1,68,82,59,78,72,75,81,77,77,67,74,34,34
14,Jordan Caron,25,2,1,69,70,76,73,70,67,70,70,71,69,70,29,29
14,David Moss,34,1,2,67,72,77,75,62,80,72,72,72,65,71,43,43
14,Justin Faulk,23,5,3,75,77,73,80,72,71,76,80,78,77,75,34,33
14,Pekka Rinne,33,1,4,89,91,92,83,67,76,91,78,91,0,0,51,51
14,Jay Bouwmeester,31,1,3,70,82,78,81,83,75,82,76,76,80,69,77,77
14,Chad Johnson,30,1,4,82,83,84,77,73,83,83,76,82,0,0,31,30
14,Jack Skille,28,4,1,70,74,74,74,72,78,74,73,72,71,70,32,32
14,Marian Hossa,36,1,2,70,83,74,81,64,78,83,83,83,79,78,83,83
14,Dion Phaneuf,30,2,3,82,74,80,80,80,58,74,77,74,76,71,68,72
14,Stephen Johns,23,3,3,69,65,69,65,65,69,63,65,65,66,64,25,25
14,Erik Gustafsson,26,3,3,65,74,67,73,69,78,74,74,71,73,66,28,28
14,Christian Folin,25,2,3,71,68,76,73,70,70,71,72,72,74,68,26,26
14,Sami Vatanen,24,1,3,71,75,63,78,68,68,75,78,76,75,74,29,28
14,Mike Santorelli,30,2,0,70,76,71,76,72,79,76,75,73,71,72,37,37
14,Johan Franzen,35,1,2,77,72,77,77,53,71,72,75,74,72,74,58,58
14,Melker Karlsson,26,3,0,70,71,70,74,70,68,71,72,71,67,72,26,26
14,Andy Welinski,22,4,3,63,68,69,69,68,65,70,63,66,68,56,25,25
14,Vojtech Mozik,22,4,3,70,68,66,68,65,50,68,64,64,68,62,25,25
14,Josh Manson,24,3,3,72,68,76,71,68,60,70,70,70,72,64,28,25
14,Patrick Marleau,35,2,0,70,80,76,82,99,81,81,81,78,72,75,90,90
14,Niklas Backstrom,37,3,4,80,82,78,76,54,81,82,80,83,0,0,57,57
14,Nikita Nesterov,22,4,3,70,69,69,66,67,70,69,69,68,69,66,28,25
14,Artem Panarin,23,4,1,66,68,64,67,69,68,66,67,66,67,65,25,25
14,Drew Brevig,23,4,3,66,67,69,67,68,68,66,66,65,67,64,25,25
14,Dmitrij Jaskin,22,4,1,72,70,70,75,70,71,69,71,70,68,69,30,27
14,Brian Ferlin,23,2,2,66,69,72,71,69,69,70,68,68,68,67,26,26
14,Ryan Haggerty,23,2,2,67,66,67,65,66,68,65,66,64,66,66,25,25
14,Kyle Baun,23,4,2,70,65,70,69,70,66,65,66,66,65,66,25,25
15,Evgeni Malkin,29,1,0,73,80,78,84,63,66,82,95,94,68,82,53,53
15,Sean Couturier,22,2,0,74,73,74,77,70,72,73,75,75,71,73,34,33
15,Andrew Hammond,27,4,4,80,83,81,77,79,81,83,77,83,0,0,34,34
15,James van Riemsdyk,26,3,1,70,75,76,80,74,70,75,80,79,67,80,42,40
15,Erik Karlsson,25,3,3,70,84,66,85,74,73,84,90,84,76,82,41,41
15,Stuart Percy,21,4,3,70,69,69,66,67,70,69,69,68,69,66,28,25
15,Jake Gardiner,25,4,3,68,76,69,77,72,78,76,77,75,73,71,31,30
15,Jonathan Bernier,27,4,4,80,87,79,81,79,79,86,78,86,0,0,42,39
15,Morgan Rielly,21,3,3,69,73,70,77,72,75,75,76,75,72,71,35,27
15,Nazem Kadri,25,4,0,73,80,70,78,75,66,80,79,77,66,75,36,35
15,Brayden McNabb,25,3,3,74,70,77,76,70,70,70,76,76,76,66,30,28
15,Antti Raanta,26,2,4,81,83,79,78,73,76,82,79,83,0,0,34,34
15,Paul Byron,26,2,1,68,77,58,75,73,73,75,72,73,69,71,30,30
15,Marek Mazanec,24,2,4,79,81,79,79,75,79,80,79,80,0,0,29,26
15,Jamie Oleksiak,22,4,3,73,64,77,71,72,70,69,70,70,70,68,33,29
15,Valeri Nichushkin,20,3,2,72,68,70,73,71,72,70,72,73,71,73,31,27
15,Brett Bellemore,27,4,3,71,68,72,75,72,68,70,72,71,73,65,29,25
15,Danick Martel,20,4,0,63,68,62,69,65,68,66,67,68,64,67,25,25
15,Steven Kampfer,26,4,3,65,72,63,72,70,76,72,72,72,72,67,27,27
15,Tanner Kero,22,4,1,66,67,68,67,68,68,66,66,65,67,64,25,25
15,Jacob Trouba,21,2,3,73,75,75,78,65,70,75,74,73,77,72,32,30
15,Brayden Schenn,24,4,2,70,78,72,77,76,69,78,78,76,67,74,33,33
15,Tyler Johnson,25,4,2,69,81,64,79,75,78,81,82,81,72,81,35,34
15,Raman Hrabarenka,23,3,3,70,69,74,70,66,69,69,69,69,67,68,26,25
15,Rich Clune,28,4,1,80,70,78,70,65,33,70,68,69,69,66,30,30
15,Scott Harrington,22,4,3,66,69,70,68,69,70,67,68,67,67,68,25,25
15,Zach Palmquist,25,4,3,70,66,70,66,67,67,67,65,66,66,64,25,25
15,Ronalds Kenins,24,4,1,72,70,71,75,70,71,69,71,70,68,69,30,27
15,Riley Nash,26,1,0,72,73,71,74,71,76,73,72,71,71,70,30,30
15,Eetu Laurikainen,22,4,4,73,74,72,77,78,77,76,77,76,0,0,25,25
15,Daniil Tarasov,24,2,2,65,70,71,71,69,71,70,70,70,69,68,26,26
15,Viktor Svedberg,24,2,3,68,66,74,68,65,68,65,65,64,68,60,25,25
15,Elias Lindholm,20,4,2,71,72,70,70,72,73,74,74,74,68,73,32,28
15,Justin Dowling,25,2,0,66,69,62,64,64,67,69,67,65,67,67,25,25
15,Colin Miller,22,4,3,68,66,68,66,67,68,64,66,64,67,65,25,25
15,Kristers Gudlevskis,23,2,4,72,75,76,77,75,79,77,76,76,0,0,26,26
15,Nolan Zajac,23,2,3,65,67,65,67,66,71,67,66,67,66,65,25,25
15,Nikita Zaitsev,23,4,3,72,65,73,72,70,66,65,68,68,69,67,28,26
15,Emil Galimov,23,4,1,69,69,70,69,66,71,69,69,70,68,69,27,25
15,Byron Froese,24,4,0,68,66,70,66,67,68,64,66,66,66,66,25,25
15,Patrik Bartosak,25,4,4,74,76,77,79,78,79,78,79,79,0,0,25,27
15,Jan Kovar,26,2,0,66,67,65,68,65,70,66,65,64,68,67,25,25
15,Reto Suri,27,2,2,65,67,65,66,62,68,66,65,66,65,65,25,25
16,Mason Raymond,30,1,1,66,82,67,77,71,76,82,77,77,68,74,47,46
16,Tanner Glass,32,2,1,78,74,75,74,74,61,73,71,69,67,68,39,45
16,Paul Ranger,30,1,3,65,70,74,73,63,61,70,70,67,72,64,44,44
16,James Wisniewski,31,2,3,77,75,73,78,67,70,74,82,79,74,69,52,50
16,Devante Smith-Pelly,23,3,2,75,73,76,75,69,71,73,71,71,69,70,29,28
16,Clarke MacArthur,30,2,1,73,77,72,79,75,71,75,78,78,72,75,51,51
16,Matt Cullen,39,1,0,70,74,72,75,72,79,76,74,76,72,71,94,90
16,Ryan Stoa,29,2,1,66,70,73,72,72,61,70,70,68,67,69,26,26
16,Joe Thornton,36,1,0,70,75,81,82,80,71,75,87,87,74,72,90,92
16,Tomas Kopecky,33,0,2,71,71,77,75,68,66,71,71,75,67,70,52,52
16,Andre Benoit,31,1,3,67,75,69,75,73,79,75,75,74,73,70,34,33
16,Zbynek Michalek,32,1,3,70,74,71,78,64,78,74,72,74,79,63,63,60
16,Nicolas Deslauriers,25,3,3,72,74,74,73,71,63,74,71,70,67,69,28,28
16,Ryan Malone,36,1,2,71,71,76,73,48,56,70,71,72,69,71,61,66
16,Michael Del Zotto,25,2,3,70,79,69,79,70,75,79,76,75,75,72,37,37
16,Niklas Hjalmarsson,28,1,3,74,76,78,81,75,76,76,76,75,81,64,44,44
16,David Backes,31,1,2,79,75,79,82,75,55,74,81,77,76,78,60,60
16,Bryan Bickell,29,2,1,75,70,79,75,74,73,72,72,72,72,73,35,33
16,Cody Franson,28,2,3,73,71,79,77,70,75,70,79,75,76,73,36,36
16,Dan Boyle,39,2,3,67,76,66,78,70,73,77,77,76,74,74,85,85
16,Antero Niittymaki,36,0,4,72,75,72,72,76,78,75,72,75,0,0,45,45
16,John Albert,27,0,0,64,69,63,70,69,71,69,67,66,64,66,26,25
16,Eric Staal,30,1,0,75,78,78,84,83,66,78,81,81,70,76,75,80
16,James Reimer,27,3,4,81,84,82,78,72,80,85,74,83,0,0,39,39
16,Thomas Larkin,25,0,3,68,62,75,62,62,66,62,62,62,64,60,25,25
16,Connor Carrick,21,4,3,69,70,68,69,70,67,70,68,69,68,68,28,26
16,Daniel Cleary,36,1,2,68,75,70,74,55,73,75,68,69,69,68,82,82
16,Reilly Smith,24,3,2,72,77,70,77,75,77,75,78,75,70,74,33,33
16,Nicolas Deschamps,26,3,1,60,69,67,71,65,75,69,70,71,64,68,25,25
16,Jordan Szwarz,24,2,2,68,70,66,73,70,68,70,70,72,68,69,26,25
16,Dominic Moore,35,1,1,71,77,66,76,74,75,75,74,72,73,71,60,60
16,Brock McGinn,21,4,1,68,66,68,66,67,68,64,66,64,65,66,25,25
16,Tommy Cross,26,2,3,68,66,68,65,68,70,67,67,68,67,65,25,25
16,Robert Czarnik,26,2,2,63,65,64,65,64,70,65,68,64,67,65,25,25
16,Matt Donovan,26,3,3,66,71,71,73,72,75,71,73,70,70,69,27,26
16,Brent Regner,27,4,3,62,68,64,71,64,75,68,70,66,66,62,25,25
16,David Wohlberg,25,2,0,65,68,66,67,67,69,67,66,67,64,66,25,25
16,Henrik Lundqvist,33,2,4,88,92,81,87,85,93,94,83,94,0,0,70,70
16,Max Everson,22,4,3,69,65,73,65,65,69,63,65,65,66,64,25,25
16,Corey Fienhage,25,2,3,68,65,68,66,65,66,65,67,66,65,65,25,25
16,Kevin Lynch,24,2,0,65,68,66,67,67,69,67,66,67,64,66,25,25
16,Kevin Sundher,23,4,0,68,66,68,66,67,68,64,66,64,65,66,25,25
16,Colten Teubert,26,0,3,72,70,76,75,70,48,70,68,66,65,60,28,28
16,Jordan Samuels-Thomas,25,2,1,68,66,67,65,68,70,67,67,67,65,64,25,25
16,Mathieu Perreault,28,1,0,70,79,64,76,68,72,78,78,77,73,76,35,35
16,Brennan Serville,25,4,0,69,65,73,65,65,69,63,65,65,66,64,25,25
16,Mathieu Corbeil,24,2,4,75,76,76,71,73,74,73,73,73,0,0,25,25
16,Danick Paquette,25,2,2,67,65,68,66,65,66,65,67,66,65,65,25,25
16,Connor Knapp,25,2,4,75,76,76,72,73,74,74,73,74,0,0,26,25
17,Daniel Sedin,35,1,1,67,83,72,84,76,75,83,83,83,76,75,89,88
17,Patric Hornqvist,28,1,2,73,78,66,79,70,71,77,77,77,70,77,40,40
17,Cory Schneider,29,3,4,88,88,85,84,80,81,88,74,84,0,0,40,40
17,Alexandre Burrows,34,3,2,77,78,72,77,71,63,77,73,74,70,73,62,62
17,Erik Gudbranson,23,3,3,75,72,78,76,69,65,72,71,71,75,60,34,34
17,Ryan Reaves,28,1,2,81,70,81,76,74,48,71,71,71,70,70,32,30
17,Logan Couture,26,3,0,69,74,71,81,70,83,74,80,80,73,79,40,39
17,Derek Stepan,24,1,0,66,76,71,81,77,78,77,81,80,74,74,40,40
17,Brad Stuart,36,1,3,74,73,77,79,70,70,73,71,70,76,67,84,84
17,Jean-Gabriel Pageau,22,4,0,63,74,65,75,70,71,70,71,70,69,70,30,27
17,Kevin Shattenkirk,26,1,3,66,76,70,80,70,67,77,82,81,78,74,40,40
17,Patrick Wiercioch,24,3,3,71,70,76,77,70,72,70,74,73,75,70,30,29
17,Johnny Gaudreau,22,4,1,66,77,64,75,75,76,77,79,77,71,74,34,29
17,Adam Clendening,22,4,3,67,70,69,75,70,72,72,69,68,69,68,27,27
17,Miikka Salomaki,22,4,1,66,69,68,68,69,70,67,68,67,67,68,26,25
17,Sven Baertschi,22,4,1,65,73,68,77,70,73,71,70,70,66,71,30,27
17,Kevin Poulin,25,2,4,77,81,79,76,74,76,81,74,81,0,0,34,31
17,Francois Beauchemin,35,2,3,75,72,74,82,77,78,72,76,76,82,72,61,60
17,Nick Shore,22,4,0,67,68,68,67,69,70,66,67,66,64,66,25,25
17,Zach Hyman,22,4,0,68,66,69,66,67,68,64,66,64,67,65,25,25
17,Ryan Strome,21,4,0,68,76,70,77,73,70,75,75,74,71,73,32,28
17,Frederik Andersen,25,1,4,82,85,86,82,71,79,88,76,88,0,0,32,32
17,Mike Reilly,21,4,3,68,66,71,66,67,68,64,66,64,67,65,25,25
17,Andrey Makarov,22,4,4,75,75,73,78,79,79,79,78,79,0,0,25,25
17,Nail Yakupov,21,2,2,63,77,67,75,70,75,77,75,77,61,73,33,29
17,Andrew Shaw,23,1,2,77,76,70,76,74,62,70,73,74,71,73,33,33
17,Jimmy Vesey,21,4,1,68,66,71,66,67,68,64,66,64,64,66,25,25
17,Jonathan Huberdeau,21,2,1,69,75,69,76,72,70,72,80,76,70,73,31,30
17,Mattias Backman,22,4,3,69,65,69,65,65,69,63,65,65,66,64,25,25
17,Mikael Granlund,23,2,0,66,78,66,76,67,74,76,80,77,72,72,34,30
17,Josh Leivo,21,4,1,70,69,72,71,72,70,66,68,69,67,67,28,26
17,Jon Merrill,23,2,3,70,70,73,75,68,73,71,73,72,74,69,30,27
17,Tomas Hertl,21,4,1,66,71,73,70,71,74,73,75,75,70,71,36,30
17,Connor Murphy,22,4,3,71,68,72,70,70,68,69,67,67,65,65,27,25
17,Cody Eakin,23,2,0,72,77,70,77,76,74,75,76,74,70,74,34,34
17,Ryan Sproul,22,4,3,71,67,75,74,66,60,66,65,66,69,65,35,27
17,Tyson Barrie,24,3,3,69,77,67,78,74,77,77,82,77,74,74,34,34
17,Oscar Klefbom,21,4,3,73,64,73,71,72,70,69,70,70,70,68,33,29
17,Anders Lee,24,2,1,68,73,76,75,73,70,70,74,72,70,75,27,26
17,Jay Harrison,32,2,3,77,67,79,77,65,58,68,72,71,77,65,40,45
17,Linden Vey,24,2,2,68,72,68,73,73,72,71,72,73,70,71,27,27
17,Brett Connolly,23,2,2,73,73,70,73,70,69,70,70,70,69,71,28,26
17,Sam Brittain,23,4,4,74,76,75,73,75,76,76,78,78,0,0,25,27
17,Andrew Agozzino,24,2,1,64,67,69,70,70,69,71,69,71,62,71,26,26
17,Matt Hunwick,30,5,3,69,74,67,75,70,73,73,72,74,75,65,40,39
17,Mark McNeill,22,4,2,68,66,73,66,67,68,64,66,64,67,65,25,25
17,Calvin De Haan,24,2,3,69,76,70,75,63,70,75,74,73,74,68,28,28
17,T.J Tynan,24,2,0,63,69,62,65,63,68,68,66,67,66,67,25,25
18,Jonathan Toews,27,2,0,76,84,75,86,82,74,84,83,84,79,80,60,84
18,Greg Pateryn,25,1,3,75,67,76,75,70,71,67,67,67,75,63,28,28
18,Ondrej Palat,24,2,1,75,75,72,79,76,73,76,81,80,75,74,35,34
18,Viktor Stalberg,28,5,1,64,79,73,75,70,67,79,72,73,62,71,35,35
18,Ryan Stanton,26,2,3,75,71,73,75,72,65,71,72,72,74,66,32,32
18,Cam Ward,31,3,4,79,87,76,81,65,83,87,78,86,0,0,60,60
18,Tyler Pitlick,24,2,2,73,70,71,74,70,72,69,72,71,69,70,27,27
18,Xavier Ouellet,22,4,3,63,75,68,74,73,75,75,69,72,72,66,26,26
18,Mikko Koskinen,27,5,4,76,76,78,72,70,73,76,68,76,0,0,25,25
18,Michael Stone,25,3,3,76,69,76,77,72,77,69,73,72,75,70,33,32
18,Dale Weise,27,1,2,78,73,75,75,72,63,73,72,71,72,70,31,31
18,Michael Chaput,23,2,0,71,71,71,73,71,71,70,72,71,70,70,27,27
18,Jordan Martinook,22,3,0,68,68,70,72,69,70,66,70,69,67,69,25,25
18,Andrej Meszaros,30,1,3,69,72,77,78,72,69,72,72,72,75,71,54,54
18,Alexandre Mallet,23,3,0,64,69,64,65,63,68,69,66,64,66,67,25,25
18,Roman Polak,29,2,3,75,70,80,76,70,63,70,70,71,77,68,43,43
18,Mike Green,30,3,3,67,79,73,81,65,69,79,82,81,72,78,52,50
18,Trevor Daley,32,3,3,68,78,70,80,75,70,78,74,73,74,75,65,64
18,Scott Hartnell,33,3,1,78,73,77,79,80,43,72,78,74,72,75,85,85
18,T.J. Oshie,28,1,2,75,78,71,79,75,70,79,81,77,72,76,42,42
18,Jason Chimera,35,2,1,72,77,75,76,82,66,77,72,73,73,70,75,72
18,Riley Sheahan,24,3,0,72,72,77,77,73,74,72,75,74,72,72,30,31
18,Jon Marchessault,24,4,2,62,73,58,72,70,68,73,72,70,69,67,26,26
18,John Ramage,25,1,3,67,68,67,73,70,63,69,69,68,67,62,27,27
18,Freddie Hamilton,23,1,2,63,73,68,73,71,76,72,71,72,67,69,27,26
18,Tanner Richard,22,4,0,68,66,68,66,67,68,64,66,66,66,66,25,25
18,Kevan Miller,28,2,3,73,69,74,75,71,69,69,71,70,74,65,32,32
18,Dan Hamhuis,32,3,3,70,75,74,82,72,71,75,77,76,80,71,73,72
18,Henrik Zetterberg,35,3,0,69,81,68,81,67,79,81,88,84,76,75,77,80
18,Ludwig Blomstrand,22,4,1,69,64,69,65,67,63,65,66,66,64,66,25,25
18,Anders Nilsson,25,1,4,75,78,85,74,70,63,78,68,78,0,0,26,26
18,Zac Larraza,22,4,0,63,68,72,68,65,68,66,66,65,64,67,25,25
18,Zane McIntyre,26,2,4,74,81,74,75,72,78,80,75,80,0,0,27,27
18,Matt Carle,31,2,3,67,78,70,80,80,76,78,77,75,78,69,60,58
18,Tim Schaller,24,4,2,72,65,73,72,70,66,66,70,68,68,69,28,26
18,Scott Gomez,35,1,0,61,74,65,76,70,76,74,76,76,68,71,89,86
18,Justin Williams,33,1,2,68,79,70,80,65,70,79,77,78,73,74,79,79
18,Michael Paliotta,22,4,3,68,66,73,66,67,68,64,66,64,67,65,25,25
18,Laurent Brossoit,22,4,4,74,76,74,73,75,76,76,78,78,0,0,25,27
18,Derek Grant,25,1,0,66,72,74,72,71,75,72,66,68,68,65,27,27
18,Nick Holden,29,1,3,74,70,76,76,72,73,70,73,73,73,71,31,30
18,Bryan Rust,23,2,2,68,67,67,70,65,69,67,67,67,66,66,27,26
18,Craig Anderson,34,2,4,84,87,80,82,69,81,87,76,88,0,0,56,55
18,Maxime Talbot,31,1,0,76,75,68,76,73,71,75,75,73,73,70,56,56
18,Jamie Phillips,22,4,4,72,74,73,73,75,75,75,76,76,0,0,25,25
18,Alex Chiasson,25,4,2,72,71,75,75,73,70,72,75,74,65,73,29,29
18,Dalton Prout,26,1,3,75,68,78,75,70,63,68,72,70,73,60,31,30
19,Dainius Zubrus,37,1,0,62,68,75,75,72,66,68,71,72,67,70,92,92
19,Dennis Everberg,24,3,2,71,70,75,72,69,68,70,71,70,67,70,27,27
19,Curtis Glencross,32,2,1,73,75,74,76,62,73,75,75,74,69,74,47,47
19,Matt Read,29,2,2,68,77,69,78,75,81,77,76,76,69,74,36,36
19,Jeff Petry,27,2,3,75,74,76,78,74,71,74,73,73,74,63,35,35
19,Tobias Enstrom,31,3,3,70,76,67,77,65,76,78,78,77,76,71,51,50
19,Brian Lashoff,25,1,3,71,72,77,74,73,71,72,71,69,72,60,28,27
19,Alexander Steen,31,2,1,74,79,75,80,72,83,78,82,80,75,79,61,60
19,Johan Gustafsson,24,2,4,75,75,78,72,70,73,75,65,75,0,0,25,25
19,Anton Volchenkov,33,2,3,74,71,75,73,52,73,73,70,70,77,51,64,62
19,Derick Brassard,28,3,0,71,79,73,79,76,71,79,79,79,70,74,45,43
19,Carl Hagelin,27,2,1,68,85,66,77,65,69,83,76,74,70,74,35,34
19,Anthony Bitetto,25,2,3,70,68,68,70,68,68,70,68,69,67,67,26,25
19,Clayton Stoner,30,2,3,78,69,80,77,65,60,70,71,71,77,59,35,35
19,Magnus Nygren,25,2,3,65,66,68,65,65,70,67,65,66,66,62,25,25
19,Johan Alm,26,3,3,70,66,67,66,67,67,67,65,66,64,66,25,25
19,Marcel Goc,32,3,0,68,75,72,76,64,83,74,72,73,70,70,52,41
19,Brad Richards,35,1,0,69,75,70,82,85,83,76,79,79,68,73,85,85
19,Jiri Hudler,31,1,2,69,78,61,82,79,81,80,83,82,69,78,59,60
19,Ben Hanowski,24,5,2,75,67,74,72,70,71,69,67,69,66,66,27,27
19,Brian Elliott,30,1,4,85,87,84,81,75,81,88,76,89,0,0,47,47
19,Blake Pietila,23,3,0,69,69,65,68,65,55,69,66,64,65,60,25,25
19,Anton Forsberg,26,3,4,79,78,79,76,73,77,77,79,79,0,0,27,25
19,Eric O'Dell,25,1,0,65,72,70,72,69,68,72,70,70,65,70,26,25
19,Kevin Gravel,23,2,3,67,66,65,66,66,70,67,66,66,65,66,25,25
19,John-Michael Liles,35,3,3,70,75,63,76,71,72,74,75,73,72,63,67,67
19,Barclay Goodrow,26,3,2,71,70,74,73,69,66,70,71,70,68,70,28,27
19,Troy Brouwer,30,3,2,73,71,77,81,79,61,72,74,75,71,76,49,49
19,Chris Kunitz,36,1,1,74,79,69,81,74,69,79,80,81,70,79,67,67
19,Seth Helgeson,25,3,3,72,68,73,72,70,67,70,68,70,69,67,28,25
19,Kenny Agostino,23,3,0,70,67,70,73,70,70,68,68,69,69,69,28,26
19,Marco Scandella,25,5,3,73,73,77,77,72,64,73,73,72,76,73,36,35
19,Luke Glendening,26,2,0,75,75,69,75,75,70,73,71,73,72,72,31,31
19,Ondrej Pavelec,28,2,4,84,86,87,82,76,76,86,72,85,0,0,44,44
19,Ilya Nikulin,28,0,3,65,60,75,60,65,53,60,70,60,65,60,35,35
19,Dennis Robertson,23,4,3,70,66,72,66,67,67,67,65,66,66,64,25,25
19,Michael Mersch,22,4,1,68,66,72,66,67,68,64,66,64,67,65,25,25
19,Scott Wilson,23,4,1,66,69,68,68,69,70,67,68,67,67,68,25,25
19,Ryan Garbutt,29,2,2,74,71,72,75,73,65,72,73,72,71,72,36,36
19,Garrett Noonan,24,4,3,68,66,70,66,67,68,64,66,64,67,65,25,25
19,Kristian Nakyva,25,0,3,69,65,69,65,50,50,50,50,50,50,50,50,50
19,Niklas Lundstrom,22,4,4,73,74,71,77,78,77,76,77,76,0,0,25,25
19,Joel Lowry,23,4,1,66,68,69,67,69,68,66,67,66,67,65,25,25
19,Sean Kuraly,22,4,0,68,66,71,69,67,68,66,64,65,64,66,25,25
19,Paul Ladue,22,4,3,68,66,69,66,67,68,64,66,64,67,65,25,25
19,Louis Domingue,23,4,4,74,76,75,73,75,76,76,78,78,0,0,25,27
19,Jason Kasdorf,23,4,4,72,74,74,73,75,76,75,77,77,0,0,25,25
19,Brett Bulmer,23,4,2,72,65,73,72,70,66,65,68,68,68,69,28,26
19,Tomas Nosek,22,4,1,66,67,69,67,68,68,66,66,65,67,64,25,25
19,Luca Sbisa,25,2,3,74,72,75,77,73,69,72,73,72,76,65,37,35
20,Ryan Nugent-Hopkins,22,3,0,69,79,70,80,75,77,79,81,82,72,75,34,34
20,Nick Foligno,27,3,2,78,76,73,81,77,69,75,80,79,72,78,50,50
20,Martin Erat,33,1,1,66,78,70,77,76,72,78,76,76,67,70,70,70
20,T.J. Brodie,25,2,3,67,76,71,78,73,78,76,78,76,76,72,33,31
20,Alex Goligoski,29,1,3,66,81,66,81,73,74,81,79,78,77,70,44,42
20,Lee Stempniak,32,2,2,67,78,66,77,72,71,78,75,74,67,74,64,64
20,Zach Parise,31,2,1,72,81,67,83,77,79,81,81,81,73,81,59,70
20,Kyle Bigos,26,0,3,78,60,77,60,74,43,60,66,64,68,62,25,25
20,Mike Cammalleri,33,1,0,66,80,64,79,64,78,79,77,79,65,78,64,65
20,Jarome Iginla,38,1,2,76,76,80,81,95,73,76,80,80,70,78,99,99
20,Jonas Hiller,33,1,4,87,89,83,83,70,83,89,80,88,0,0,50,50
20,Lukas Kaspar,30,0,2,65,66,73,70,70,70,66,66,65,59,68,28,25
20,Maxim Lapierre,30,1,0,77,75,75,76,75,58,75,70,71,72,70,51,51
20,Brendan Mikkelson,28,1,3,58,72,73,68,65,75,72,70,68,68,58,30,30
20,Ales Hemsky,32,2,2,60,78,65,76,57,78,80,78,77,66,72,67,67
20,Jordan Oesterle,23,2,3,68,70,69,70,69,69,70,69,69,70,63,26,25
20,Duncan Keith,32,2,3,75,82,76,89,80,76,82,86,84,86,73,65,65
20,Shea Weber,30,2,3,84,76,84,86,80,64,76,83,80,85,79,58,59
20,Danny Biega,24,2,3,66,70,70,70,69,70,69,69,69,67,63,26,26
20,Anton Belov,29,1,3,67,72,72,73,70,68,72,71,70,72,69,25,25
20,Andreas Nodl,28,1,1,65,72,68,71,62,79,72,70,70,70,66,34,34
20,Teemu Hartikainen,25,0,2,68,69,70,72,72,68,70,70,70,63,71,26,26
20,Joffrey Lupul,32,1,1,71,77,72,77,43,71,77,76,78,67,74,60,60
20,Brendan Shinnimin,25,1,0,70,74,63,72,70,70,72,69,70,67,67,26,26
20,Taylor Chorney,28,0,3,62,70,59,72,69,68,70,70,70,70,65,28,27
20,Patrick O'Sullivan,31,0,0,68,75,62,70,75,72,75,70,70,54,70,38,38
20,Grant Clitsome,30,2,3,68,75,71,77,59,76,75,74,75,75,70,37,37
20,Mike Rupp,35,1,2,70,63,80,70,64,42,63,65,67,66,67,57,57
20,Jordan Leopold,35,1,3,66,75,66,75,66,77,76,71,73,73,67,63,63
20,Anton Lander,24,3,2,66,72,69,74,71,75,71,73,71,67,71,29,28
20,Josh Archibald,22,4,2,66,69,65,72,68,68,67,68,65,65,68,27,25
20,Kirill Tulupov,27,0,3,74,60,74,65,65,55,60,62,62,65,54,25,25
20,Aleksander Barkov,20,3,0,66,74,76,77,72,77,71,74,73,67,73,28,28
20,Nathan Perkovich,30,0,2,68,62,75,66,66,67,62,66,64,62,67,25,25
20,Anze Kopitar,28,1,0,72,82,78,84,80,80,82,84,84,77,78,61,61
20,Steve MacIntyre,35,0,1,85,55,85,67,55,58,55,63,63,63,50,30,30
20,John Curry,31,3,4,76,79,73,74,70,73,79,74,79,0,0,27,25
20,Linus Omark,28,1,1,60,75,62,75,70,75,75,75,77,59,69,28,28
20,Ryan Hamilton,30,1,1,70,67,76,73,72,70,67,70,70,67,70,26,31
20,Tyson Strachan,31,1,3,73,67,78,75,70,57,70,70,70,73,60,31,31
20,Jim Slater,32,1,0,74,76,73,76,65,72,76,70,71,68,70,51,51
20,Brad Hunt,26,4,3,66,69,68,71,69,68,69,68,68,68,67,28,27
20,Jacob Lagace,26,0,1,68,70,62,60,70,68,70,65,64,62,65,25,25
20,Marc Cheverie,29,1,4,74,75,77,70,70,77,75,65,75,0,0,25,25
20,Sergei Gayduchenko,26,1,4,75,75,80,70,65,78,75,70,75,0,0,25,25
20,Mark Eaton,38,1,3,60,70,70,70,60,78,70,70,70,70,60,62,62
20,Ben Street,29,0,0,66,70,68,72,69,70,70,69,70,60,69,26,25
20,Jerome Samson,28,0,2,72,71,67,71,69,67,71,69,69,60,69,26,26
20,Matt O'Connor,23,4,4,72,74,75,73,75,76,75,77,77,0,0,25,25
21,Alex Stalock,28,3,4,83,84,75,78,76,78,81,75,81,0,0,30,29
21,Jeff Zatkoff,28,2,4,80,81,76,76,72,82,83,73,81,0,0,27,27
21,Olli Jokinen,36,2,2,69,70,76,76,88,68,71,73,72,67,70,85,84
21,JT Miller,22,4,0,72,70,71,75,70,71,69,71,70,68,69,30,27
21,Charles Sarault,23,1,0,62,71,60,72,65,71,71,72,69,56,66,25,25
21,Brian Strait,28,1,3,71,69,73,75,70,67,70,71,71,75,64,28,28
21,Jussi Jokinen,32,2,0,64,79,67,80,76,72,79,82,82,71,73,65,65
21,David Ullstrom,26,2,2,66,70,70,73,70,79,71,70,71,68,71,26,26
21,Maxime Sauve,25,1,0,64,70,58,71,71,71,70,67,70,68,68,26,25
21,Mats Zuccarello,28,3,1,70,81,58,78,74,67,81,84,80,71,75,33,31
21,Marc-Andre Gragnani,29,5,3,63,69,71,72,72,67,69,72,71,72,65,27,27
21,Stephon Williams,22,4,4,73,74,75,77,78,77,76,77,76,0,0,25,25
21,Brandon Prust,31,2,0,86,72,76,76,72,28,72,73,75,76,71,42,42
21,Landon Ferraro,24,2,0,66,70,68,70,68,69,70,68,70,66,68,26,26
21,Casey Wellman,28,1,2,65,76,65,72,68,78,76,72,72,62,71,26,26
21,Dmitry Kulikov,25,3,3,69,77,73,78,74,68,77,77,77,76,71,37,37
21,Thomas Hickey,26,3,3,67,77,69,78,76,74,77,75,74,74,68,34,34
21,Matt Martin,26,2,2,81,72,78,76,76,45,72,71,72,66,71,36,36
21,Jesse Joensuu,28,5,1,72,69,75,73,70,72,70,69,70,68,70,27,27
21,Nick Crawford,26,1,3,65,69,68,70,65,71,69,66,67,68,60,25,25
21,John Carlson,25,2,3,74,76,79,84,93,78,76,81,76,77,75,41,37
21,Michal Neuvirth,27,2,4,82,84,77,77,76,77,84,75,82,0,0,37,37
21,Mike Dalhuisen,27,2,3,70,62,73,65,63,63,62,66,67,64,63,25,25
21,David Rundblad,25,3,3,66,70,72,75,70,74,70,73,71,72,69,28,28
21,T.J. Galiardi,27,2,1,71,75,70,75,60,69,75,71,71,72,70,37,37
21,Kirill Petrov,25,4,2,62,72,74,73,70,75,72,71,71,60,72,25,25
21,Alex Biega,27,4,3,64,73,65,72,68,68,72,70,70,70,65,26,26
21,Mitchell Heard,23,4,0,67,68,69,67,69,70,66,67,66,67,65,25,25
21,Tyler Myers,25,2,3,74,72,82,80,68,65,73,75,75,78,73,37,37
21,Rasmus Tirronen,24,4,4,72,74,73,73,75,75,75,76,76,0,0,25,25
21,Cory Conacher,25,1,1,70,77,61,73,71,70,77,73,73,62,69,28,28
21,Kirill Kabanov,22,4,1,66,67,69,67,68,68,66,66,65,64,66,25,25
21,Brenden Morrow,36,1,1,73,71,73,76,71,63,71,70,72,71,70,84,88
21,John Mitchell,30,4,0,72,72,74,76,70,73,72,74,73,71,72,40,40
21,Riley Holzapfel,27,2,0,68,66,68,65,68,70,67,67,68,65,67,25,25
21,Jhonas Enroth,27,2,4,78,83,74,80,77,77,83,73,83,0,0,35,35
21,John Moore,25,2,3,66,76,75,75,70,76,76,72,72,72,66,31,31
21,Kevin Czuczman,25,2,3,69,68,69,71,70,68,68,69,68,68,66,26,26
21,Nino Neiderreiter,23,2,1,73,75,72,77,75,73,73,76,76,71,75,31,31
21,Chris Stewart,28,2,2,81,75,82,75,71,49,74,73,74,67,73,43,43
21,Matt Fraser,25,1,1,73,70,73,73,69,68,70,70,70,66,71,27,27
21,Matt Corrente,27,4,3,76,70,74,72,70,48,70,65,68,74,59,26,26
21,Philip Larsen,26,2,3,64,72,67,76,70,74,72,71,71,73,68,26,26
21,Alex Grant,27,4,3,66,66,71,71,65,68,66,69,66,69,66,26,26
22,Erik Condra,28,2,1,70,75,68,77,75,72,74,73,72,73,70,34,34
22,Alexander Urbom,25,1,3,74,69,75,74,70,61,69,68,66,72,50,26,26
22,Dennis Seidenberg,33,3,3,72,72,75,79,72,72,72,73,75,79,71,60,60
22,Steve Quailer,26,2,2,66,69,70,68,65,63,69,67,69,64,64,25,25
22,Joey Laleggia,22,4,3,66,67,65,67,68,68,66,66,65,67,64,25,25
22,Paul Postma,26,1,3,67,69,71,74,71,76,70,73,71,73,66,28,27
22,Dustin Jeffrey,28,1,0,67,68,74,74,72,76,68,74,72,65,70,28,26
22,Daniel Girardi,31,1,3,72,76,78,82,85,80,77,75,75,81,68,55,51
22,Mattias Ekholm,25,1,3,74,68,77,77,74,68,72,73,74,76,70,31,31
22,Viktor Tikhonov,27,1,1,65,73,69,73,72,69,73,70,70,63,69,26,26
22,Jason Spezza,31,3,0,66,75,74,80,66,77,75,85,83,67,74,72,72
22,Vladimir Tarasenko,23,2,2,72,80,72,79,72,73,81,81,79,71,82,31,31
22,Radek Martinek,39,0,3,64,70,72,73,67,75,70,70,71,72,58,47,47
22,Cody Goloubef,26,2,3,68,69,72,73,71,70,70,70,70,73,61,27,25
22,Jonathan Quick,29,2,4,86,92,84,90,84,85,92,80,92,0,0,52,52
22,Michael Bournival,22,2,2,64,74,68,72,70,76,74,69,72,71,69,27,27
22,Vinny Saponari,26,1,2,64,71,66,66,75,73,71,66,62,63,64,25,25
22,Rob Scuderi,36,2,3,73,70,77,77,71,82,71,71,71,78,51,64,58
22,Alexander Khokhlachev,21,4,0,66,68,67,69,69,68,67,68,68,65,69,25,25
22,Niklas Kronwall,34,2,3,78,78,77,84,79,71,78,82,79,78,74,60,60
22,Nick Jensen,25,3,3,56,72,63,71,70,77,72,67,64,66,64,25,25
22,Tyler Shattock,26,1,2,68,65,70,69,68,66,65,65,65,60,65,25,25
22,Carl Klingberg,25,0,2,63,72,73,72,70,71,72,69,69,62,65,26,26
22,Daniel Catenacci,22,4,0,63,68,62,69,65,68,66,67,68,64,67,25,25
22,Ian Cole,26,1,3,70,70,76,75,70,72,71,71,71,74,65,31,31
22,Brandon McMillan,25,1,0,63,77,66,74,70,75,77,71,73,67,70,30,29
22,Patrick Bordeleau,29,3,2,84,66,86,68,68,49,67,67,69,68,67,30,30
22,Rick Nash,30,2,1,73,78,80,81,71,68,78,79,84,68,85,77,77
22,Reid Boucher,21,4,1,67,68,64,67,69,70,66,67,66,67,65,25,25
22,Richard Panik,25,4,2,74,75,73,74,72,69,74,71,73,58,72,30,27
22,Darren Helm,28,1,0,74,80,66,76,64,81,80,73,72,75,72,40,38
22,Keith Kinkaid,25,1,4,80,80,80,75,76,80,81,71,81,0,0,27,27
22,Brandon Burlon,26,1,3,65,68,68,70,68,71,68,68,68,67,60,25,25
22,Pascal Dupuis,36,1,2,71,75,71,75,60,70,75,75,76,74,73,81,78
22,Drew Stafford,29,4,2,69,76,75,78,74,75,76,77,75,69,74,51,48
22,Jesse Graham,21,4,3,66,67,65,67,68,68,66,66,65,67,64,25,25
22,Steve Ott,33,3,0,79,73,75,76,73,50,73,71,72,70,69,72,69
22,Curtis McKenzie,25,2,1,72,70,72,73,70,63,70,70,70,68,69,26,26
22,Peter Regin,29,0,0,67,74,67,74,67,75,74,73,71,67,70,33,31
22,Kyle Clifford,25,2,1,80,71,80,78,76,48,71,72,72,69,70,38,38
22,Matt Niskanen,28,3,3,70,77,72,79,76,71,76,79,77,77,72,49,49
22,Gabriel Dumont,25,1,0,73,73,63,73,63,61,73,69,70,69,67,27,27
22,Patrik Elias,39,1,1,66,77,70,79,76,82,77,78,76,68,74,90,90
22,Mitch Callahan,24,2,2,69,69,65,69,66,67,68,67,70,69,70,25,25
22,Tom Kuhnhackl,24,2,2,67,64,68,67,65,68,66,65,64,66,66,25,25
22,Robbie Russo,22,4,3,68,66,68,66,67,68,64,66,64,67,65,25,25
22,Aaron Harstad,23,4,3,68,66,69,66,67,68,64,66,64,67,65,25,25
22,John Tavares,24,4,0,72,78,73,84,73,74,78,87,86,68,84,43,48
22,Kale Kessy,22,4,1,69,65,72,65,65,69,63,65,65,66,64,25,25
22,Curtis McElhinney,32,1,4,81,81,81,77,79,82,82,71,81,0,0,38,35
23,Carey Price,27,2,4,89,92,89,87,83,84,92,81,91,0,0,49,49
23,Marc-Edouard Vlasic,28,1,3,68,77,73,81,75,73,77,75,78,82,70,60,60
23,Matt Stajan,31,1,0,64,73,66,75,70,72,73,72,72,71,71,67,67
23,Jordie Benn,27,1,3,71,73,71,76,70,72,73,74,72,75,66,30,30
23,Brooks Orpik,34,3,3,80,73,78,79,70,65,74,74,72,82,54,70,75
23,Dougie Hamilton,21,2,3,72,72,74,78,72,75,74,79,76,77,73,31,31
23,Eric Gryba,26,1,3,78,65,80,75,72,60,65,72,71,77,62,29,29
23,Connor Brickley,23,4,0,66,68,69,67,69,68,66,67,66,67,65,25,25
23,Tomas Plekanec,32,3,0,68,80,67,81,81,71,80,81,82,76,78,68,68
23,Daniel Carr,23,4,1,68,66,69,66,67,68,64,66,64,67,65,25,25
23,Marcus Foligno,23,4,1,74,72,77,76,68,60,71,74,73,68,71,28,26
23,Sean Monahan,20,3,0,68,74,69,80,77,78,74,79,77,68,79,30,30
23,Jordin Tootoo,33,3,2,83,73,74,73,67,50,73,67,70,64,68,58,58
23,Paul Martin,34,1,3,63,76,72,82,57,80,76,75,76,78,70,65,65
23,Carson McMillan,27,0,2,66,62,68,73,70,69,66,68,65,70,66,28,26
23,Jamie Benn,25,2,0,78,79,78,83,78,63,79,87,80,71,82,40,40
23,Tim Thomas,40,1,4,76,78,72,72,63,68,79,70,78,0,0,71,68
23,Erik Haula,24,2,1,67,77,68,75,71,73,72,72,72,73,72,29,27
23,Todd Bertuzzi,40,1,2,70,63,75,70,55,57,64,70,71,67,69,89,89
23,Mike Weber,27,2,3,77,69,77,76,71,53,70,71,71,74,61,36,36
23,Chris Brown,24,3,2,72,72,74,72,71,61,71,69,69,63,68,26,26
23,Andy Greene,32,2,3,68,76,69,81,72,79,76,75,75,78,70,50,50
23,Benoit Pouliot,28,1,2,73,75,74,76,68,69,75,76,74,70,75,40,40
23,Marc-Andre Cliche,28,2,2,72,74,72,74,71,77,73,70,70,71,67,30,30
23,Colton Sceviour,26,3,2,69,74,71,75,70,75,74,74,73,69,73,27,26
23,Tomas Tatar,24,2,2,73,79,66,78,75,73,78,78,77,70,79,33,33
23,Joonas Rask,25,1,0,60,72,58,72,70,75,72,64,67,66,63,26,26
23,Peter Budaj,32,1,4,76,79,75,74,74,78,78,75,78,0,0,47,47
23,Loui Eriksson,29,2,1,66,80,72,80,74,83,80,78,78,72,75,59,59
23,Brock Nelson,23,2,1,71,74,76,77,74,74,74,76,74,70,75,30,30
24,Kris Versteeg,28,2,2,70,79,62,76,65,73,79,78,77,72,74,45,44
24,Tomas Fleischmann,30,2,1,66,78,69,77,74,73,79,77,76,67,70,53,48
24,Nick Leddy,24,1,3,68,77,70,80,80,84,77,78,77,80,74,40,40
24,Kyle Turris,26,1,0,68,80,69,83,79,71,80,81,78,72,77,40,40
24,Matt Beleskey,27,1,1,80,72,74,74,71,64,73,72,72,65,74,39,39
24,Andrew Desjardins,29,1,0,75,71,73,74,67,60,71,70,70,69,69,34,34
24,Andrew Gordon,29,0,2,70,73,63,73,70,73,73,72,72,65,69,30,30
24,Darcy Kuemper,25,2,4,81,81,83,77,74,79,82,76,83,0,0,31,31
24,Bryan Little,28,2,2,70,75,66,82,79,70,74,81,79,73,77,49,48
24,Ryan McDonagh,25,4,3,74,77,77,82,73,71,77,77,77,80,72,33,33
24,Chuck Olivier-Roussel,23,2,3,63,64,66,63,63,68,65,63,64,64,60,25,25
24,Cedrick Desjardins,30,0,4,79,80,72,74,60,73,80,69,80,0,0,26,26
24,Gilbert Brule,28,1,0,62,74,63,70,58,75,74,70,70,64,70,38,38
24,Mark Stone,23,2,2,70,76,75,76,72,78,75,77,74,71,74,29,29
24,Tyler Bozak,29,1,0,72,78,71,80,70,77,79,77,78,71,76,39,37
24,Anton Babchuk,31,0,3,64,68,76,74,63,73,68,70,70,70,69,40,40
24,Cody Ceci,21,4,3,74,69,77,75,72,75,72,73,72,70,71,31,27
24,Marc Methot,29,1,3,72,70,80,79,65,72,70,73,72,80,67,43,43
24,Dustin Brown,30,2,2,79,76,75,79,80,67,76,75,75,73,72,70,78
24,Matt Moulson,31,1,1,69,75,74,80,77,83,77,78,77,67,75,46,46
24,Ian White,31,0,3,62,70,62,70,67,75,70,70,70,68,70,50,50
24,Chet Pickard,25,0,4,75,74,78,74,72,75,74,64,74,0,0,25,25
24,Tuukka Rask,28,1,4,89,90,88,85,78,86,90,77,90,0,0,40,40
24,Shane Prince,22,4,0,67,68,64,67,69,70,66,67,66,67,65,25,25
24,Patrick Killeen,25,1,4,75,75,77,70,70,68,75,65,75,0,0,25,25
24,Kristopher Letang,27,3,3,70,81,69,81,53,70,81,83,82,74,77,48,48
24,Brian Lee,28,1,3,62,73,73,74,69,68,73,73,72,73,60,29,29
24,Spencer Machacek,27,1,2,74,71,67,73,65,65,71,72,70,71,68,26,26
24,Jim O'Brien,26,0,2,65,69,73,73,68,74,69,68,68,72,73,27,27
24,Jaden Schwartz,22,2,1,70,77,70,77,74,77,77,80,76,73,78,32,32
24,Dmitry Orlov,24,3,3,71,73,73,72,65,73,73,71,70,72,64,27,27
24,Eric Tangradi,26,4,1,73,68,79,74,70,70,68,70,71,69,67,30,28
24,Brandon Gormley,23,2,3,70,70,71,72,71,71,70,72,71,71,70,26,26
24,Evgeny Dadonov,26,0,1,63,75,62,71,69,77,75,71,72,63,71,27,27
24,Chris Kreider,24,1,1,75,77,78,76,71,60,77,77,73,72,74,31,31
24,Brendan Smith,26,2,3,77,76,71,78,68,64,76,73,72,74,69,29,29
24,Jakob Silfverberg,24,2,2,69,77,71,77,77,75,76,76,74,71,73,34,34
24,Kris Foucault,24,2,1,68,67,70,68,66,67,67,66,65,67,68,25,25
24,Carter Ashton,24,2,2,74,68,76,74,70,66,70,70,71,70,67,27,26
24,Robin Lehner,24,2,4,83,83,86,78,78,77,83,75,81,0,0,30,28
24,Nick Bjugstad,23,2,0,72,72,79,76,74,72,72,75,75,68,75,32,30
25,Matt Gilroy,31,3,3,66,71,68,72,64,76,71,69,69,70,64,35,35
25,Patrik Nemeth,24,2,3,71,65,73,73,70,73,65,71,73,73,63,27,27
25,Mike Richards,30,2,1,78,76,75,74,74,68,76,76,77,73,72,65,72
25,Zack Fitzgerald,30,2,3,88,58,81,67,67,25,58,58,62,60,52,25,25
25,Brandon Kozun,25,2,2,62,76,56,72,68,72,75,70,70,65,70,26,26
25,Tommy Wingels,27,1,2,76,73,72,76,73,69,73,75,75,70,73,33,33
25,Andrej Sustr,25,2,3,70,66,77,74,71,70,72,73,72,74,62,28,27
25,Matt Kassian,28,2,1,80,60,87,68,63,50,60,63,63,60,59,28,28
25,Dennis Wideman,32,2,3,72,74,72,80,71,76,75,79,78,75,76,67,67
25,Joel Vermin,23,4,2,66,68,64,67,69,68,66,67,66,65,66,25,25
25,Marcus Kruger,25,2,0,69,74,67,75,75,76,74,72,73,71,70,34,34
25,Cody Kunyk,25,3,0,68,69,64,68,69,70,67,67,66,67,65,27,27
25,Scott Wedgewood,23,2,4,74,77,74,72,74,77,76,78,79,0,0,25,25
25,Paul Carey,26,4,1,71,68,70,69,68,69,69,72,72,68,71,27,25
25,Alexandre Picard,30,0,3,62,70,70,70,69,69,70,69,69,72,64,40,38
25,Brian Campbell,36,2,3,66,79,67,81,80,85,79,78,79,74,70,75,75
25,Justin Schultz,25,4,3,64,76,68,78,75,79,76,78,77,71,73,32,32
25,Jiri Sekac,22,4,2,68,72,69,73,70,73,71,70,70,68,71,30,30
25,Frankie Corrado,22,4,3,70,69,70,66,67,70,69,69,68,69,66,28,25
25,David Makowski,26,1,3,64,65,67,66,66,70,65,66,63,65,61,25,25
25,Viktor Loov,23,3,3,69,65,69,67,65,69,63,65,65,66,64,25,25
25,Jake Chelios,24,4,3,68,66,69,66,67,68,64,66,64,67,65,25,25
25,Corey Crawford,30,3,4,88,88,86,86,80,82,88,75,88,0,0,44,41
25,Mikko Koivu,32,1,0,71,75,76,79,72,73,75,81,79,79,72,63,73
25,Karri Ramo,29,2,4,80,83,82,78,77,79,83,76,82,0,0,32,32
25,Trevor Gillies,37,3,1,83,58,87,60,55,30,59,59,59,59,44,27,27
25,Yannick Weber,27,4,2,65,75,67,74,70,74,72,72,72,73,72,33,33
25,Nate Prosser,30,3,3,71,68,75,75,72,67,71,71,72,76,61,30,30
25,Anders Lindback,27,2,4,81,81,89,79,75,74,81,74,81,0,0,32,30
25,Mark Alt,24,2,3,66,66,67,69,67,68,68,69,66,66,64,26,25
25,Brandon Pirri,24,4,0,68,75,65,74,71,76,74,72,73,69,75,29,26
25,Jay Rosehill,30,2,1,88,70,85,72,72,28,70,64,68,63,60,30,30
25,Max Reinhart,23,2,2,69,70,67,70,70,73,70,69,69,68,67,26,25
25,Paul Stastny,29,1,0,67,78,74,82,73,75,79,81,80,70,75,53,52
25,Brian Gibbons,27,2,1,67,75,58,73,70,77,74,73,73,69,71,30,30
25,Dany Heatley,35,1,2,65,73,75,74,72,78,73,72,73,62,71,79,79
25,Ron Hainsey,34,1,3,65,75,75,78,73,77,75,73,71,75,62,66,66
25,Darroll Powe,30,1,0,75,67,74,71,73,58,67,64,69,69,66,37,37
25,Drew Leblanc,26,2,0,62,69,68,68,70,73,68,69,69,68,68,25,25
25,Klas Dahlbeck,24,2,3,70,67,72,70,66,74,69,70,70,70,68,26,25
25,Adam Henrique,25,2,1,67,76,70,79,72,79,75,78,75,73,75,33,33
25,Jarret Stoll,33,2,2,76,71,76,75,73,71,72,73,74,72,71,70,76
25,Wayne Simmonds,26,2,2,80,77,76,78,79,50,77,77,76,70,78,50,47
25,Sean Bergenheim,31,3,1,69,77,72,76,65,70,75,73,73,70,72,47,47
25,Joe Morrow,22,4,3,72,65,73,72,70,66,65,68,68,69,67,28,26
25,Shawn Horcoff,37,2,1,72,70,73,75,69,70,71,73,74,73,72,85,85
25,Nicklas Backstrom,27,1,0,72,82,77,85,79,69,82,92,88,70,73,50,50
26,Tom Pyatt,28,1,0,64,74,68,73,69,77,72,71,72,68,70,35,33
26,Alexander Guptill,24,2,1,66,69,64,62,65,68,67,66,65,66,65,25,25
26,Jason Zucker,23,1,1,71,79,66,76,71,74,78,72,72,69,76,30,29
26,Ryan Carter,32,2,1,77,74,73,75,73,70,74,71,72,68,70,41,39
26,Luke Adam,24,3,0,66,66,75,73,69,70,66,71,71,68,71,27,27
26,Chris Tanev,25,1,3,68,74,74,78,70,79,74,75,74,78,65,36,34
26,Antti Niemi,31,1,4,87,90,80,85,78,81,89,75,89,0,0,44,40
26,Thomas Greiss,29,1,4,82,83,79,76,73,73,83,75,84,0,0,40,38
26,Taylor Fedun,26,3,3,68,73,68,70,69,75,73,71,69,70,62,26,25
26,Stanislav Galiev,23,1,1,69,74,69,70,67,72,74,71,72,67,70,25,25
26,Keith Yandle,29,1,3,80,80,71,83,90,65,80,86,82,75,75,50,50
26,Andrew Ference,36,2,3,75,76,69,79,73,68,76,74,75,75,64,80,80
26,Jason Akeson,24,3,2,70,73,65,72,70,71,72,73,72,60,69,26,27
26,Joe Pavelski,31,3,0,70,78,68,83,80,75,78,81,80,75,84,57,57
26,Calvin Pickard,23,2,4,79,80,79,76,72,81,77,75,80,0,0,27,27
26,Mark Giordano,31,2,3,75,77,74,82,64,68,77,83,83,80,77,51,51
26,Charlie Coyle,23,1,2,72,71,78,76,75,72,72,76,75,67,73,29,29
26,Chris Kelly,34,2,1,75,75,73,75,74,69,75,75,73,72,71,65,65
26,Jake Muzzin,26,2,3,77,70,79,79,74,72,71,78,77,78,72,35,34
26,Tobias Rieder,22,3,1,66,74,66,75,70,71,73,71,71,68,72,30,27
26,Mark Arcobello,26,3,0,67,77,60,74,71,77,77,73,74,65,73,29,29
26,Jason Pominville,32,3,2,67,79,68,81,78,86,78,81,81,70,76,64,64
26,Cole Schneider,24,3,0,71,68,74,72,70,68,68,67,67,63,69,25,25
26,Zack Mitchell,22,2,2,66,65,66,65,66,72,65,65,65,66,66,25,25
26,Shane Doan,38,1,1,76,70,78,80,88,62,70,75,76,73,74,99,99
26,David Krejci,28,3,0,75,78,70,82,69,77,79,82,81,74,73,57,58
26,Martin Marincin,23,2,3,68,70,71,73,71,73,70,70,69,73,63,27,26
26,Robert Bortuzzo,26,1,3,70,66,76,74,71,63,69,74,71,74,60,29,29
26,Joel Armia,21,4,1,70,69,71,71,72,70,66,68,69,67,67,28,26
26,Dustin Byfuglien,30,1,2,84,66,91,81,72,55,69,81,79,77,76,55,52
26,Brandon Tanev,23,4,1,66,67,69,67,68,68,66,66,65,67,64,25,25
26,Brandon Crombeen,30,2,2,83,69,82,74,75,46,69,69,70,71,69,43,43
26,Justin Fontaine,27,3,2,64,76,64,74,71,78,74,74,73,70,73,30,28
26,Scott Mayfield,22,3,3,70,65,70,68,67,60,65,67,66,69,64,31,25
26,Jakub Nakladal,27,4,3,72,65,73,72,70,66,65,68,68,69,67,28,26
26,Matt Duchene,24,2,0,76,84,70,82,74,80,84,82,81,70,77,43,46
26,Joonas Nattinen,24,2,0,65,66,66,70,65,69,66,66,67,66,66,25,25
26,J.C. Lipon,22,4,2,74,70,71,73,69,57,69,70,69,64,69,25,25
26,Simon Despres,24,4,3,73,75,77,75,72,69,75,75,74,75,66,32,30
26,Jeremy Smith,26,1,4,75,78,74,73,73,80,78,67,78,0,0,25,25
26,Drayson Bowman,26,2,2,68,75,68,75,75,78,73,72,72,68,71,31,26
26,Brian Boyle,30,1,0,74,70,85,76,76,62,71,72,73,71,73,44,44
26,Adam Comrie,24,2,3,67,64,68,65,65,65,65,67,68,66,62,25,25
26,Ladislav Smid,29,1,3,73,70,77,74,70,67,70,68,70,74,63,53,51
26,Taylor Doherty,24,5,3,70,62,74,72,68,71,68,61,68,69,60,26,26
26,Dane Fox,21,2,0,73,65,70,64,63,63,65,64,64,64,67,25,25
26,Petr Straka,22,2,2,65,68,69,70,66,70,69,69,69,67,66,26,25
26,Casey Cizikas,24,4,0,71,75,71,76,72,75,73,73,73,70,72,32,30
26,Marek Zidlicky,38,1,3,70,75,60,79,79,64,75,78,76,71,73,70,65
27,Evan Campbell,22,4,1,67,68,70,67,69,70,66,67,66,64,67,25,25
27,Harri Sateri,26,0,4,77,77,77,74,70,73,77,67,77,0,0,25,25
27,Alex Pietrangelo,25,4,3,74,77,79,84,79,77,77,83,78,78,73,38,38
27,Mark Streit,37,1,3,70,76,65,82,73,72,76,84,81,74,74,57,57
27,Matt Greene,31,1,3,81,66,82,79,69,70,68,68,69,79,58,51,51
27,Carl Soderberg,29,2,0,70,78,73,77,73,74,78,79,77,71,72,36,34
27,Roberto Luongo,36,1,4,81,90,83,87,77,80,90,78,88,0,0,84,85
27,Taylor Hall,23,2,0,78,85,74,82,62,73,85,82,83,67,78,38,38
27,Gustav Nyquist,26,2,1,72,80,66,78,73,77,80,79,79,68,78,31,31
27,Markus Hannikainen,22,4,0,71,66,71,69,67,65,67,66,65,65,65,25,25
27,Allen York,26,0,4,78,78,78,76,70,73,78,67,78,0,0,26,26
27,Andrei Loktionov,24,1,0,62,71,63,72,70,76,74,71,72,66,70,31,31
27,Tyler Kennedy,28,1,2,71,74,63,72,63,71,74,71,71,68,69,45,45
27,Zdeno Chara,38,2,3,85,64,92,85,76,65,64,78,77,84,74,92,91
27,Adam McQuaid,29,2,3,79,68,80,76,72,48,70,69,71,78,51,34,34
27,Brenden Dillon,25,2,3,76,70,78,78,73,60,70,70,70,77,69,33,33
27,Nikita Kucherov,22,4,2,66,82,67,77,75,75,78,79,78,67,78,31,31
27,Nate Thompson,30,2,0,76,72,76,75,72,72,72,72,73,71,70,43,43
27,Joakim Andersson,26,1,1,73,72,75,75,70,76,72,72,72,72,69,32,30
27,Ryan Getzlaf,30,1,0,78,76,83,86,74,67,76,86,85,77,78,72,80
27,Andrew Miller,26,4,2,68,65,67,71,70,66,69,69,70,68,69,28,26
27,Milan Lucic,27,3,1,85,72,85,80,75,56,73,79,77,74,75,51,51
27,Leo Komarov,28,2,2,80,75,72,76,69,72,75,74,73,73,71,30,30
27,Jerome Gauthier-Leduc,22,4,3,68,66,69,66,67,68,64,66,64,67,65,25,25
27,Mike Condon,25,4,4,73,74,72,77,78,77,76,77,76,0,0,25,25
27,Nikita Gusev,22,4,1,63,68,62,69,65,68,66,67,68,64,67,25,25
27,Greg McKegg,22,4,0,66,68,69,69,69,68,67,68,68,65,69,25,25
27,John Persson,22,4,1,69,66,72,67,66,71,67,69,67,66,67,27,25
27,James Neal,28,1,2,76,79,75,79,60,60,77,77,81,71,81,44,44
27,Sergei Andronov,26,1,2,68,70,72,70,66,65,70,68,65,58,64,26,25
27,Alex Galchenyuk,21,2,1,70,78,73,78,71,73,75,79,78,71,74,30,30
27,Marek Tvrdon,22,4,1,69,66,72,67,66,71,66,67,67,66,67,27,25
27,Petr Mrazek,23,2,4,79,85,80,78,75,80,85,77,84,0,0,28,28
27,Maxim Kitsyn,24,2,1,66,66,67,65,65,68,66,67,66,66,66,25,25
27,Patrick McNally,24,2,3,65,66,67,65,60,70,66,66,67,68,62,25,25
27,Mark MacMillan,24,2,0,62,69,62,69,65,68,68,67,66,67,66,25,25
27,Joonas Donskoi,23,4,2,68,66,69,66,67,67,64,66,64,65,66,25,25
27,Petter Emanuelsson,23,4,2,70,65,71,69,70,66,65,66,66,65,66,25,25
27,Christoper Gibson,22,4,4,75,75,78,78,79,79,79,78,79,0,0,25,25
27,Garret Ross,22,4,1,66,67,69,67,68,68,66,66,65,67,64,25,25
28,Fedor Tyutin,31,2,3,72,75,76,79,70,72,74,75,73,77,68,64,64
28,David Bolland,29,3,0,75,77,65,75,58,64,78,73,75,73,71,45,45
28,Colin McDonald,31,1,2,73,70,76,74,70,73,71,73,72,62,72,30,29
28,Brad Boyes,33,1,0,66,74,71,78,75,77,74,75,75,67,73,69,69
28,Ryan Callahan,30,2,2,80,77,67,82,69,74,77,79,77,75,76,53,57
28,Mark Fraser,28,3,3,77,67,80,75,70,53,67,68,68,74,59,35,35
28,Braden Holtby,26,2,4,85,88,85,89,82,83,89,80,86,0,0,44,42
28,T.J. Brennan,26,2,3,67,73,70,70,68,71,70,70,69,69,68,29,29
28,Tom Gilbert,33,5,3,66,76,75,78,75,78,76,75,74,72,70,52,51
28,Justin Peters,28,3,4,81,82,79,78,77,76,81,68,81,0,0,35,30
28,Andrew Cogliano,28,3,2,65,78,63,77,80,76,78,75,75,68,74,48,48
28,Antoine Vermette,33,3,0,69,77,69,78,79,71,77,76,75,71,74,75,75
28,Stefan Elliott,25,5,3,61,72,65,72,72,77,72,72,72,70,69,26,26
28,Vincent Trocheck,22,4,0,68,72,69,73,70,73,71,70,70,68,71,32,30
28,Lauri Korpikoski,29,1,2,70,79,71,76,66,76,79,74,73,68,71,44,44
28,Harry Zolnierczyk,27,3,0,77,76,69,72,60,48,76,68,68,70,66,29,29
28,Joni Pitkanen,31,2,3,67,74,75,74,36,66,74,74,73,74,66,53,53
28,Tye McGinn,25,1,1,73,71,77,73,70,58,71,71,70,70,70,27,26
28,Derek Forbort,23,3,3,68,68,67,68,67,68,64,68,64,68,65,25,25
28,Philipp Grubauer,23,2,4,80,81,77,78,75,80,81,78,80,0,0,30,29
28,Zac Rinaldo,25,2,1,85,75,80,75,75,28,72,69,69,68,65,35,27
28,Erik Cole,37,1,1,71,74,74,76,70,71,75,72,74,65,74,78,78
28,Kevin Bieksa,34,3,3,79,75,77,82,64,60,75,77,72,78,73,57,53
28,Deryk Engelland,33,1,3,79,69,79,76,66,59,70,72,72,73,60,40,40
28,Kyle Quincey,30,3,3,71,76,75,79,73,63,76,74,73,76,69,41,40
28,Jacob Josefson,24,4,1,63,74,69,74,65,76,74,73,73,71,70,33,33
28,Matt Calvert,25,5,1,70,75,66,75,63,63,76,74,74,70,73,36,35
29,Brandon Saad,23,1,1,72,76,74,78,73,77,76,78,77,73,75,34,33
29,Zach Redmond,27,3,3,67,73,73,73,70,63,73,71,73,72,69,28,27
29,Sami Aittokallio,23,3,4,74,76,75,73,75,76,76,78,78,50,50,25,27
29,Tyler Eckford,30,0,3,65,66,71,70,69,58,66,68,68,66,66,25,25
29,John Klingberg,23,3,3,67,76,67,77,71,75,77,77,76,72,73,32,27
29,Martin Jones,25,1,4,81,81,81,77,74,78,81,74,81,0,0,30,30
29,Dana Tyrell,26,1,2,66,73,66,74,70,79,72,73,72,72,67,30,30
29,Perttu Lindgren,28,0,0,56,73,60,72,70,71,73,73,73,67,68,25,25
29,Alexander Semin,31,3,2,61,81,70,78,61,69,80,76,77,66,73,54,47
29,Jakub Kindl,28,3,3,70,72,76,75,63,73,72,72,72,76,62,35,35
29,Lucas Lessio,22,4,1,70,65,71,69,70,70,68,68,67,67,68,30,26
29,Zemgus Girgensons,21,4,0,69,72,70,72,70,73,71,70,70,67,72,32,27
29,Brett Ritchie,21,4,2,72,65,71,69,70,70,68,68,67,67,68,30,25
29,Paul Bissonnette,30,0,3,83,66,80,72,68,43,64,65,64,70,63,35,30
29,Ryan Johansen,23,1,0,69,75,77,80,75,73,76,80,79,70,78,38,37
29,Johan Sundstrom,22,4,0,69,66,70,67,66,71,67,69,67,66,67,27,25
29,Brandon Bollig,29,1,1,83,66,83,76,74,51,68,69,69,69,70,31,31
29,Igor Bobkov,25,0,4,76,75,79,73,70,73,75,70,74,0,0,26,28
29,Kevin Hayes,23,3,2,70,72,74,74,70,75,71,75,71,70,72,27,27
29,Matt Hendricks,34,1,2,79,72,79,74,72,60,72,68,70,70,68,39,39
29,Anton Rodin,25,0,1,58,75,62,72,70,72,75,71,70,58,67,25,25
29,Markus Granlund,22,4,0,66,68,64,67,69,68,66,67,66,67,65,25,25
29,Derek MacKenzie,34,2,1,73,69,68,75,74,70,70,70,70,71,69,41,41
29,Oleg Yevenko,24,4,3,71,66,77,69,67,65,67,66,65,65,65,25,25
29,Evgeny Kuznetsov,23,2,2,68,75,67,76,70,70,75,77,76,68,71,30,28
29,Corey Tropp,26,2,2,70,73,69,74,69,62,73,71,71,70,69,29,27
29,Seth Jones,21,2,3,71,73,79,77,73,73,73,76,75,75,71,29,28
29,Jochen Hecht,38,0,0,59,68,62,68,58,67,68,68,68,68,67,75,75
29,Mark Scheifele,22,2,0,70,76,75,77,71,75,75,76,75,69,73,29,28
29,Kevin Marshall,26,1,3,77,67,75,71,65,53,67,67,64,71,59,26,26
29,Travis Hamonic,25,1,3,77,73,76,78,70,58,73,75,74,76,70,37,36
29,Nathan Lieuwen,24,2,4,78,79,79,76,75,78,76,78,79,0,0,27,27
29,Darren Archibald,26,2,1,73,68,69,70,67,67,67,70,70,66,65,25,25
29,Craig Cunningham,25,2,2,67,70,65,73,69,72,70,70,69,69,67,27,25
29,Scott Darling,27,2,4,79,80,88,76,74,75,81,72,81,0,0,29,29
29,Alexandre Grenier,24,2,2,68,64,69,65,65,65,64,67,67,65,66,25,25
29,Andy Andreoff,24,2,0,72,68,72,73,62,63,66,70,69,67,66,27,25
29,Jared Knight,24,2,2,66,68,65,68,64,68,67,66,66,66,65,25,25
29,Sebastian Wannstrom,25,2,2,68,65,68,67,65,66,64,66,66,64,66,25,25
29,Oscar Lindberg,24,2,0,69,69,69,70,65,69,70,66,69,64,66,26,26
29,Jesper Fast,24,2,2,68,74,67,74,70,73,73,71,71,68,70,27,26
