name,teamId,it,sp,st,en,du,di,sk,pa,pc,df,sc,ex,ld
Alex Killorn,0,73,73,73,77,70,73,73,76,75,71,73,31,31
Karl Alzner,0,73,74,78,80,81,76,74,73,74,78,62,42,39
Brandon Sutter,0,70,73,74,77,83,84,74,74,75,73,73,49,49
Brad Winchester,0,76,67,79,72,70,44,67,69,67,69,68,45,45
Alexander Ovechkin,0,81,87,80,88,88,72,87,81,89,64,91,70,70
Martin Hanzal,0,70,73,81,77,62,63,73,78,77,72,74,50,45
Matt Halischuk,0,67,76,67,74,67,82,76,71,74,71,68,32,31
Adam Hall,0,69,70,75,73,74,77,68,70,70,67,70,58,58
Cristopher Nilstorp,0,78,79,78,75,75,78,79,71,78,0,0,26,28
Claude Giroux,0,76,82,71,86,76,72,82,85,82,73,78,46,47
Jack Johnson,0,75,79,76,82,80,72,79,81,77,71,73,50,50
Erik Johnson,0,74,76,78,80,62,72,75,77,76,76,74,46,45
Phil Kessel,0,68,86,68,82,80,79,86,84,84,66,82,60,55
Brent Burns,0,75,76,81,79,71,67,76,81,80,72,79,57,57
Marian Hossa,0,70,83,74,81,64,78,83,83,83,79,78,83,83
Jay Beagle,0,75,70,78,75,71,74,72,72,72,72,72,34,33
Patrick Kane,0,70,86,68,80,73,80,86,86,86,69,83,52,52
Luca Sbisa,0,74,72,75,77,73,69,72,73,72,76,65,37,35
Chad LaRose,0,72,71,64,72,67,71,71,69,70,69,70,49,49
Joey MacDonald,0,78,79,76,76,77,76,79,73,79,0,0,42,42
Richard Park,0,58,70,56,70,60,75,70,70,70,69,68,73,73
Patrik Berglund,0,64,75,75,78,77,76,75,73,77,70,75,47,43
Semyon Varlamov,0,84,88,84,84,73,69,88,80,89,0,0,44,44
Danny Syvret,0,62,72,67,71,75,79,70,70,70,72,65,32,32
Brent Sopel,0,58,68,67,69,65,68,68,67,67,67,63,72,64
Eric Belanger,0,65,69,65,72,69,70,69,67,70,69,64,74,74
Eddie Lack,0,79,83,81,78,75,79,83,72,84,0,0,33,31
Maxim Goncharov,0,68,68,74,72,70,63,66,64,68,68,64,25,25
Trevor Van Riemsdyk,0,65,69,69,71,69,73,70,69,70,70,68,27,27
Ryan Spooner,0,67,75,65,74,71,74,74,73,73,70,71,29,25
Niklas Grossman,2,72,67,81,78,70,73,69,70,71,78,59,48,45
Marc-Andre Fleury,2,83,89,82,89,74,85,89,80,89,0,0,71,69
Jakub Voracek,2,71,78,76,80,77,70,77,85,82,70,77,49,49
David Steckel,2,66,65,78,71,64,77,65,69,71,72,64,42,42
Colin Wilson,2,72,75,76,77,71,81,74,77,75,69,75,36,36
Jonathan Ericsson,2,73,71,80,78,65,70,72,74,72,76,64,41,41
Frans Nielsen,2,67,78,66,80,75,80,77,80,78,74,74,50,48
Andrej Sekera,2,69,77,73,78,71,80,76,77,74,76,72,48,44
Dan Paille,2,67,75,72,75,73,80,75,72,72,73,72,50,48
Ben Smith,2,68,75,71,76,71,81,74,72,73,70,73,30,29
Michael Raffl,2,70,72,70,75,71,70,73,73,72,71,74,29,29
Blake Wheeler,2,73,77,81,83,83,68,75,81,79,71,78,48,48
Brent Seabrook,2,73,77,82,82,77,79,77,78,76,81,74,65,65
Jordan Nolan,2,79,69,78,75,68,60,71,70,71,70,69,31,30
Jakub Kindl,2,70,72,76,75,63,73,72,72,72,76,62,35,35
Nick Schultz,2,68,75,74,78,76,69,75,72,71,77,57,80,80
Max Pacioretty,2,71,80,76,80,72,73,81,78,79,72,83,44,41
Artem Anisimov,2,67,77,73,76,71,78,76,74,76,72,74,41,40
Rob Scuderi,2,73,70,77,77,71,82,71,71,71,78,51,64,58
Brendan Gallagher,2,69,78,62,77,73,68,77,77,77,73,76,35,30
Sam Gagner,2,67,79,65,78,72,72,78,78,77,65,73,50,43
Carl Gunnarsson,2,73,74,71,78,72,80,75,75,75,78,63,39,38
Drew Miller,2,73,74,69,76,74,80,74,72,74,73,71,44,40
Ray Emery,2,78,83,82,78,70,63,83,74,83,0,0,52,48
Matt Bartkowski,2,69,71,70,75,70,72,72,74,71,76,62,30,28
Will Acton,2,69,69,70,70,71,69,69,70,68,69,68,27,25
Tyson Sexsmith,2,78,78,71,72,71,74,78,71,78,0,0,25,25
Brandon Mashinter,2,68,64,72,72,69,68,67,70,69,68,65,25,25
Kyle Flanagan,2,66,66,63,67,68,71,68,68,66,67,64,25,25
Petr Prucha,2,70,78,51,70,60,68,78,73,75,60,72,40,40
Jukka Hentunen,2,54,63,56,66,71,75,68,71,75,48,73,46,39
Carter Hutton,2,81,81,79,78,75,81,81,75,81,0,0,32,26
Cal Heeter,2,77,76,76,76,71,79,75,73,75,0,0,27,27
Mark Pysyk,2,68,69,68,72,69,71,70,71,72,70,68,28,27
Viktor Fasth,2,81,82,76,77,75,78,82,70,82,0,0,30,28
Oliver Lauridsen,2,70,64,71,67,68,63,66,67,67,68,67,25,25
Chris Bourque,2,66,75,62,72,70,64,75,74,71,64,70,26,26
Jonas Frogren,2,70,65,74,72,71,65,65,65,65,74,50,25,25
Josef Melichar,2,68,62,75,72,73,62,67,70,70,76,50,43,43
Ossi Vaananen,2,68,66,80,76,82,65,66,60,58,75,48,52,50
Rostislav Klesla,2,60,70,73,71,53,58,69,70,70,72,57,61,57
Nate Schmidt,2,70,70,71,73,71,71,71,69,71,72,67,29,28
Ben Chiarot,2,72,68,74,73,65,68,71,71,71,72,67,27,27
Michael Neal,2,67,60,73,67,69,67,60,62,62,59,58,25,25
Kent Patterson,2,72,75,70,69,68,73,75,70,75,0,0,25,25
Lars Eller,3,73,75,74,77,73,64,75,76,74,71,73,36,34
Ryan Ellis,3,63,79,65,76,66,75,79,76,77,74,71,32,30
Drew Doughty,3,76,83,73,86,77,68,83,85,85,80,75,48,48
Travis Moen,3,74,70,74,72,68,64,70,72,70,73,69,63,63
Gabriel Bourque,3,70,76,69,77,76,82,76,73,71,68,72,35,31
Mike Zigomanis,3,61,67,66,71,65,67,67,72,72,69,70,40,40
Keith Aulie,3,65,67,78,73,68,66,66,71,70,74,59,30,28
Patrick Marleau,3,70,80,76,82,99,81,81,81,78,72,75,90,90
Hampus Lindholm,3,72,74,74,75,74,71,74,79,78,77,72,29,29
Anton Khudobin,3,81,84,76,77,75,78,84,75,84,0,0,33,31
Tomas Jurco,3,73,70,71,74,71,74,71,72,71,71,70,31,28
Zack Kassian,3,77,71,79,76,73,43,72,72,74,66,73,32,29
Alexei Emelin,3,81,76,79,77,66,64,76,71,70,76,64,36,34
Kari Lehtonen,3,79,87,86,82,62,76,87,79,89,0,0,57,56
Evander Kane,3,80,79,76,80,65,70,79,77,79,71,77,38,36
Keaton Ellerby,3,73,71,78,74,70,78,71,72,70,75,57,32,30
Magnus Paajarvi,3,68,78,70,75,70,78,79,72,73,66,71,32,32
Taylor Beck,3,67,68,75,75,70,71,70,72,70,67,71,28,27
Nathan Horton,3,70,75,77,74,30,70,74,75,74,69,72,61,61
Ryane Clowe,3,80,69,78,75,60,54,69,76,75,72,70,46,46
Michal Handzus,3,68,64,78,73,73,77,64,73,74,74,70,82,80
Andrew MacDonald,3,67,74,71,83,67,73,74,77,76,75,68,40,40
Jussi Rynnas,3,78,78,80,74,75,73,78,69,78,0,0,26,26
Niklas Svedberg,3,78,80,79,75,74,75,80,74,80,0,0,28,27
Chris Vande Velde,3,69,73,68,75,71,68,71,70,71,65,71,29,28
Dylan McIlrath,3,73,68,76,70,70,59,68,66,65,67,65,26,25
Alexander Salak,3,74,70,76,70,70,73,70,70,76,0,0,25,25
Zack Phillips,3,68,67,65,69,68,68,66,66,65,64,67,25,25
Mattias Tedenby,3,60,78,63,74,70,78,78,72,74,60,67,28,28
Blake Kessel,3,65,65,74,70,70,68,65,65,64,65,60,25,25
Shane Sims,3,66,65,66,70,69,63,65,64,64,66,56,25,25
Tyler Cuma,3,66,67,72,73,60,70,67,66,66,75,46,25,25
Stefan Noesen,3,68,65,67,66,65,69,66,65,67,66,66,25,25
Matt Rust,3,59,70,57,65,60,73,70,60,60,56,60,25,25
Danny Hobbs,3,62,65,62,69,68,70,65,67,64,58,62,25,25
Mike Komisarek,3,73,67,77,70,70,55,67,65,65,69,60,51,51
David Warsofsky,3,60,74,58,72,69,72,72,69,69,68,62,26,26
Jack Connolly,3,65,74,62,73,67,70,74,73,71,62,69,25,25
Blake Parlett,3,62,65,72,72,70,63,65,65,65,69,60,25,25
Scott Timmins,3,70,70,68,72,68,73,72,66,66,70,66,27,27
Jacob Markstrom,3,81,82,84,76,74,81,82,70,81,0,0,27,27
Jordan Schroeder,3,66,75,66,73,71,75,72,71,71,69,70,27,26
Brad Marchand,4,78,79,66,79,73,60,78,77,77,76,77,37,37
Travis Zajac,4,64,75,73,81,74,79,75,75,77,73,73,58,55
Daniel Girardi,4,72,76,78,82,85,80,77,75,75,81,68,55,51
Mike Smith,4,85,86,87,83,70,72,86,80,86,0,0,49,45
Steve Ott,4,80,73,75,78,73,50,73,71,73,70,70,70,67
Barret Jackman,4,81,72,80,81,70,66,71,71,71,81,58,68,71
Valtteri Filppula,4,67,80,70,78,75,78,80,78,79,73,73,57,54
Mike Fisher,4,72,77,75,79,72,69,77,77,75,74,75,83,81
Craig Adams,4,73,73,70,75,77,69,73,69,71,73,66,82,82
Jarome Iginla,4,76,76,80,81,95,73,76,80,80,70,76,99,99
Anton Volchenkov,4,75,73,75,74,52,73,74,71,70,78,51,64,62
Simon Gagne,4,58,77,63,73,45,74,75,72,72,70,69,77,77
Dustin Brown,4,79,76,75,79,80,67,76,75,75,73,72,70,78
Andrei Markov,4,68,77,72,83,64,74,77,80,78,78,73,74,73
Johnny Boychuk,4,75,75,79,80,71,73,74,79,76,82,73,38,38
Mike Weaver,4,63,76,63,78,73,82,78,72,74,78,51,58,58
Rich Peverley,4,65,76,66,74,50,78,76,75,75,72,71,48,46
Chris Butler,4,66,76,69,75,65,69,76,74,75,74,62,37,37
Curtis McElhinney,4,81,81,81,77,79,82,82,71,81,0,0,38,35
Pascal Dupuis,4,71,75,71,75,64,70,75,75,76,74,73,81,78
Erik Haula,4,67,77,68,75,71,73,72,72,72,73,72,29,27
Joacim Eriksson,4,77,79,76,75,74,76,79,71,79,0,0,28,27
Colton Gillies,4,70,76,73,71,70,66,75,69,70,68,67,31,25
Jayson Megna,4,69,72,68,74,68,74,71,71,72,69,69,27,26
Brandon Yip,4,69,74,66,72,65,66,74,70,70,70,70,31,31
Johan Larsson,4,66,71,66,72,71,73,70,72,70,70,70,27,27
Cory Sarich,4,72,64,72,70,59,67,66,66,68,71,62,86,85
Cory Emmerton,4,65,70,66,74,72,79,70,71,71,71,70,29,29
Matt Carey,4,65,69,66,69,67,73,69,67,66,67,68,26,25
Hal Gill,4,70,55,81,70,65,70,63,64,64,73,53,88,88
Ryan Carpenter,4,64,69,64,68,63,68,69,68,64,68,67,25,25
Chris Wideman,4,68,68,64,67,69,70,68,67,68,67,65,25,25
Konrad Abeltshauser,4,71,66,71,69,67,65,67,66,65,65,65,25,25
Roman Horak,5,64,74,64,74,70,75,74,70,72,66,70,28,28
Stephane Da Costa,5,64,72,67,72,67,69,72,66,69,62,68,28,25
Ben Eager,5,82,71,78,71,65,38,71,65,66,66,65,45,45
Rasmus Rissanen,5,68,62,74,71,68,58,68,63,68,69,55,26,25
Mark Olver,5,66,70,66,74,72,68,69,71,70,62,70,28,28
Toni Rajala,5,60,74,56,72,68,71,74,71,70,58,70,25,25
David Elsner,5,58,62,65,68,68,68,62,58,58,50,60,25,25
Cam Janssen,5,78,68,82,71,70,53,69,63,68,70,50,41,40
Colton Orr,5,89,64,89,72,73,38,64,66,66,65,64,47,46
Corey Locke,5,66,70,59,72,65,68,70,73,73,60,69,26,26
Theo Peckam,5,80,65,81,69,70,28,65,65,67,67,58,32,32
Tyler Plante,5,70,70,77,71,70,58,70,65,70,0,0,25,25
Vadim Tarasov,5,58,72,61,63,65,65,72,55,73,0,0,30,30
Dennis Persson,5,62,69,68,68,64,64,69,66,70,66,62,25,25
Ben Blood,5,63,67,72,65,70,60,67,67,63,65,62,25,25
Sebastien Piche,5,63,67,63,68,65,65,67,65,65,65,65,25,25
Quinton Howden,5,69,68,70,68,68,71,69,70,71,69,67,28,26
Austin Czarnik,5,65,69,61,63,64,66,68,66,65,67,66,25,25
Rylan Schwartz,5,62,68,63,67,70,73,68,69,69,68,67,25,25
Mitch Holmberg,5,60,68,60,64,65,68,65,67,67,64,67,25,25
Jonathon Blum,5,65,73,67,74,72,78,74,68,72,70,64,28,28
Colin Campbell,5,67,66,64,67,65,69,64,65,64,67,67,25,25
Shawn Thornton,5,75,70,74,70,69,62,70,70,70,67,70,62,68
Jack Hillen,5,62,78,63,74,70,69,78,71,72,69,65,34,34
Zach Budish,5,70,72,75,72,70,66,72,70,73,63,66,25,25
Seth Griffith,5,68,74,66,74,72,73,72,71,71,69,71,31,28
Ryan Murphy,5,66,76,65,74,70,74,75,73,71,71,66,28,27
Louis Leblanc,5,72,74,68,72,60,61,74,66,67,62,66,27,27
Michael Ferland,5,71,69,74,73,71,69,70,70,70,69,67,28,26
Jeremy Welsh,5,67,70,75,71,70,75,70,69,67,68,67,26,26
Brian Lee,5,62,70,70,70,50,68,70,70,70,70,58,29,29
Matthew Nieto,5,67,77,67,76,72,74,76,74,74,69,72,32,27
Zach Sill,5,73,71,74,72,70,64,70,67,69,68,66,28,28
Borna Rendulic,5,69,70,73,72,68,68,71,70,67,64,69,26,26
Mike Hoffman,6,69,78,68,75,71,75,75,72,72,71,76,29,29
Steven Stamkos,6,74,85,70,87,81,73,85,88,86,72,91,47,49
Ben Scrivens,6,83,82,82,80,76,84,82,73,82,0,0,31,31
Jim Vandermeer,6,72,66,73,71,66,51,66,70,67,70,64,48,48
Chris Pronger,6,66,65,68,68,50,63,60,70,66,66,62,96,96
Michael Frolik,6,67,77,72,79,78,78,75,77,77,71,74,49,47
Jamie McGinn,6,72,74,73,77,69,73,74,73,73,70,73,39,39
Curtis Glencross,6,73,75,74,76,62,73,75,75,74,69,74,47,47
Adam Larsson,6,64,73,76,77,65,71,73,76,75,75,67,32,32
Tyler Seguin,6,72,81,75,83,77,82,81,85,83,71,85,37,44
Jan Hejda,6,73,73,77,80,76,73,72,73,71,76,61,58,51
Thomas Vanek,6,69,79,75,81,74,72,79,80,80,67,76,67,67
Daniel Carcillo,6,80,71,74,73,64,48,71,70,70,65,70,42,42
Brandon Dubinsky,6,82,74,73,77,64,43,73,80,75,74,74,51,51
Jake Allen,6,80,85,80,78,74,77,86,74,86,0,0,30,30
Dylan Olsen,6,72,71,76,74,70,69,71,71,70,73,64,27,27
Joe Corvo,6,64,71,70,72,76,74,71,71,71,71,69,65,65
Patrick Eaves,6,74,75,66,73,50,76,75,70,71,73,72,47,45
Shawn Matthias,6,70,75,77,75,75,72,73,71,73,69,74,39,37
Johnny Oduya,6,68,77,69,77,77,77,78,72,73,76,61,62,58
Tom Wilson,6,82,64,82,75,75,45,66,72,72,69,69,30,30
Sergei Gonchar,6,59,71,73,76,66,75,72,75,75,73,65,99,99
Adam Pardy,6,71,68,80,75,69,68,70,70,70,74,58,36,36
Jeff Petry,6,75,74,76,78,74,71,74,73,73,74,63,35,35
Mike Lundin,6,62,74,72,74,65,77,74,71,70,75,55,35,35
Trent Hunter,6,61,63,75,69,55,70,63,70,70,68,68,50,53
Evan Oberg,6,63,69,62,71,71,74,72,68,70,66,62,26,25
Arturs Kulda,6,62,70,74,70,72,76,70,66,66,71,62,27,27
Tomas Vincour,6,68,69,74,73,69,81,69,69,70,70,71,27,27
Michael Blunden,6,72,69,77,73,71,59,70,69,70,69,69,29,29
Henrik Karlsson,6,77,76,82,75,75,75,76,69,76,0,0,30,30
Aaron Volpatti,6,75,64,73,70,65,60,64,68,67,68,68,40,35
Mitch Wahl,6,60,70,68,70,65,63,70,71,70,60,69,25,25
Mathieu Carle,6,63,71,65,73,72,68,71,73,70,68,67,25,25
Keith Ballard,6,72,72,66,74,59,70,71,72,71,72,64,57,57
Juho Olkinuora,6,75,75,77,71,71,73,75,69,72,0,0,25,25
Buddy Robinson,6,65,64,71,68,69,68,64,68,68,68,67,25,25
Jonathan Carlsson,6,60,70,64,70,70,75,70,65,65,68,60,25,25
Rotislav Olesz,6,60,71,71,71,65,73,71,71,70,70,70,38,38
Ivan Vishnevskiy,6,60,71,53,72,70,70,71,71,71,70,66,25,25
Pierre-Marc Bouchard,6,56,79,56,74,46,80,79,72,75,65,69,57,57
Andrei Kostitsyn,6,59,73,71,73,70,74,73,73,73,65,72,40,40
Kyle Cumiskey,6,63,75,59,71,63,71,75,71,71,69,68,30,30
Nicklas Bergfors,6,58,73,65,71,73,81,73,70,70,64,68,31,31
Konstantin Glazachev,6,58,72,62,70,72,71,72,68,70,60,66,25,25
Kellan Lain,6,80,62,78,70,70,33,62,65,68,62,66,25,25
Matt Irwin,7,70,70,76,77,70,74,70,75,74,73,72,30,27
Wayne Simmonds,7,80,77,76,78,79,50,77,77,76,70,78,50,47
Radim Vrbata,7,66,80,66,80,72,78,80,80,79,65,80,73,70
Cam Talbot,7,84,84,83,79,76,79,84,81,85,0,0,34,34
Libomir Visnovsky,7,57,75,64,75,50,83,77,75,76,71,70,79,79
Joel Ward,7,77,74,78,78,75,75,74,76,75,73,75,48,44
Patrick Sharp,7,75,81,71,80,65,73,81,81,78,74,76,67,67
Lauri Korpikoski,7,70,79,71,76,66,76,79,74,73,68,71,44,44
Antoine Vermette,7,69,77,69,78,79,71,77,76,75,71,74,75,75
Jimmy Howard,7,82,88,82,84,60,81,88,79,89,0,0,49,49
Dennis Wideman,7,72,74,72,80,71,76,75,79,78,75,76,67,67
Ryan Suter,7,81,78,78,88,76,76,78,86,79,81,70,61,61
Corey Potter,7,70,70,73,74,68,62,71,73,72,70,69,32,29
Ryan O'Reilly,7,72,78,72,83,76,85,76,81,78,72,76,40,46
Danny Dekeyser,7,68,75,74,77,70,72,75,76,76,75,70,33,32
Vern Fiddler,7,70,72,68,76,74,71,73,74,73,74,72,66,66
Calle Jarnkrok,7,64,77,65,74,70,72,77,74,74,72,70,28,27
Cam Atkinson,7,68,80,62,75,75,80,79,75,76,68,75,36,32
Mika Zibanejad,7,69,72,74,76,71,76,72,76,75,68,74,34,30
Marco Scandella,7,73,73,77,77,72,64,73,73,72,76,73,36,35
Oliver Ekman-Larsson,7,71,79,71,84,78,71,79,80,79,77,76,42,42
Chase Balisy,7,64,69,64,68,63,68,69,66,64,66,67,25,25
Mark Zengerle,7,64,70,60,72,72,67,70,68,68,64,68,25,25
Terry Broadhurst,7,62,69,65,64,63,67,69,66,64,62,64,25,25
Ben Hanowski,7,75,67,74,72,70,71,69,67,69,66,66,27,27
Matt Tennyson,7,71,71,74,74,71,71,71,70,70,71,64,26,25
Iiro Pakarinen,7,66,73,72,77,70,73,71,70,70,66,70,31,27
Sena Acolatse,7,71,65,67,70,67,65,67,64,65,64,65,25,25
Nick D'Agostino,7,66,66,72,70,65,68,66,67,65,67,60,25,25
Jani Hakanpaa,7,69,68,69,65,65,69,63,65,65,66,64,25,25
Yanni Gourde,7,66,67,65,67,68,68,66,66,65,67,64,25,25
Nic Dowd,7,66,67,67,68,65,63,67,67,65,60,66,25,25
Mat Bodie,7,64,68,64,68,67,67,65,66,64,66,65,25,25
Michael Zalewski,7,66,67,65,67,68,68,66,66,65,67,64,25,25
Alex Gudbranson,7,69,65,69,67,65,69,63,65,65,66,64,25,25
Jean Francois Berube,7,76,77,76,74,73,74,77,70,74,0,0,25,25
Justin Florek,7,68,66,70,70,70,73,69,70,70,69,70,26,25
Austin Madaisky,7,70,65,66,69,67,65,67,64,65,65,65,25,25
Joni Ortio,7,78,79,77,76,75,78,78,74,78,0,0,26,25
Kyle Rau,7,64,69,64,68,63,68,69,66,64,66,67,25,25
Kevin Goumas,7,65,69,61,63,64,66,68,66,65,67,66,25,25
Chad Ruhwedel,7,64,69,64,71,69,75,69,70,70,72,68,26,25
Anthony Bitetto,7,70,68,68,70,68,68,70,68,69,67,67,26,25
R.J. Umberger,28,67,75,76,79,82,74,75,72,75,68,72,68,65
David Bolland,28,75,77,65,75,58,64,78,73,75,73,71,45,45
Colin McDonald,28,73,70,76,74,70,73,71,73,72,62,72,30,29
Adam Burish,28,76,72,70,72,65,63,72,69,70,69,68,46,46
Ryan Callahan,28,80,77,67,82,67,74,76,79,76,75,76,51,55
Braden Holtby,28,85,88,85,87,82,83,88,79,86,0,0,40,40
Grant Clitsome,28,68,75,71,77,59,76,75,74,75,75,70,37,37
Michael Ryder,28,66,76,70,76,70,79,75,74,75,71,72,77,77
Thomas Greiss,28,83,84,79,77,73,73,83,75,84,0,0,36,36
Mikko Koivu,28,71,77,76,79,68,73,77,82,80,79,73,61,73
Stefan Elliott,28,61,72,65,72,72,77,72,72,72,70,69,26,26
Mark Fistric,28,76,64,78,74,60,65,66,72,70,76,55,38,38
Jim Slater,28,74,76,73,76,65,72,76,70,71,68,70,51,51
Keith Yandle,28,80,80,71,83,90,65,80,86,82,75,75,50,50
Kyle Brodziak,28,68,74,73,77,78,68,74,74,73,69,73,54,54
Mason Raymond,28,66,82,67,77,71,76,82,77,77,68,74,47,46
Derek Morris,28,71,71,74,72,67,70,71,72,71,72,62,90,90
Zac Rinaldo,28,85,75,80,75,75,28,72,69,69,68,65,35,27
Matt Cooke,28,77,75,72,75,72,68,73,73,74,73,72,85,82
Kevin Bieksa,28,79,75,77,82,64,60,75,77,72,78,73,57,53
Deryk Engelland,28,79,69,79,76,66,59,70,72,72,73,60,40,40
Ales Hemsky,28,60,78,65,76,57,78,80,78,77,66,72,67,67
Kyle Quincey,28,71,76,75,79,73,63,76,74,73,76,69,41,40
Jacob Josefson,28,63,74,69,74,65,76,74,73,73,71,70,33,33
Matt Calvert,28,70,75,66,75,63,63,76,74,74,70,73,36,35
Mark Fraser,28,77,67,80,75,70,53,67,68,68,74,59,35,35
T.J. Brennan,28,67,73,70,70,68,71,70,70,69,69,68,29,29
Brad Thiessen,28,76,75,67,68,67,73,74,67,73,0,0,26,26
Harry Zolnierczyk,28,77,76,69,72,60,48,76,68,68,70,66,29,29
Derek Forbort,28,68,68,67,68,67,68,64,68,64,68,65,25,25
Jesse Winchester,28,68,73,72,71,69,77,72,71,71,70,69,40,40
Matt D'Agostini,28,65,74,66,74,64,73,74,70,72,66,70,33,33
Philipp Grubauer,28,80,81,77,78,75,80,81,78,80,0,0,30,29
Jeff Carter,8,73,80,75,80,69,76,80,81,81,73,81,62,60
Milan Lucic,8,85,72,85,80,75,56,73,79,77,74,75,51,51
Erik Karlsson,8,70,84,66,85,74,73,84,90,84,76,82,41,41
Mike Richards,8,78,76,75,76,77,70,76,77,77,74,72,65,72
Doug Murray,8,72,65,80,72,64,71,68,68,68,72,55,50,46
Mike Santorelli,8,70,76,71,76,72,79,76,75,73,71,72,37,37
Adam Henrique,8,67,76,70,79,72,79,75,78,75,73,75,33,33
Brandon Prust,8,86,72,76,76,72,28,72,73,75,76,71,42,42
Adam McQuaid,8,79,68,80,76,72,48,70,69,71,78,51,34,34
Dion Phaneuf,8,82,74,80,80,80,58,74,77,74,76,71,68,72
Chris Higgins,8,70,77,71,77,70,80,77,77,74,72,72,64,58
Ilya Kovalchuk,8,63,84,74,79,76,73,83,79,81,63,76,81,77
Jay Harrison,8,77,68,79,78,67,58,69,72,71,77,65,40,45
Corey Crawford,8,88,88,85,85,79,82,88,74,88,0,0,42,39
Cam Ward,8,79,87,76,81,65,83,87,78,86,0,0,60,60
Patrick Maroon,8,77,71,79,74,72,59,71,76,74,69,72,30,31
Mike Green,8,67,79,73,81,65,69,79,82,81,72,78,52,50
Steve Downie,8,84,75,78,76,56,25,75,77,74,70,72,40,40
Maxim Lapierre,8,77,75,75,76,75,58,75,70,71,72,70,51,51
Torrey Mitchell,8,72,75,66,75,69,73,74,71,72,73,69,43,41
Ryan Jones,8,72,74,75,74,71,73,72,70,71,67,70,39,39
Thomas McCollum,8,74,78,75,71,70,70,78,70,78,0,0,26,26
Vladislav Namestnikov,8,66,74,66,75,72,71,70,72,71,69,71,30,27
Marc-Antoine Pouliot,8,65,68,70,71,63,63,65,70,67,71,68,32,31
Paul Szczechura,8,69,72,65,73,72,76,72,70,70,67,70,29,29
John Scott,8,80,61,91,74,74,45,64,64,68,70,55,32,32
Jakub Kovar,8,77,79,76,75,75,78,77,78,78,0,0,25,25
Christian Thomas,8,62,73,62,72,66,70,70,71,70,69,70,28,25
Austin Watson,8,69,67,70,70,69,68,67,69,67,68,69,25,25
Aaron Ness,8,60,69,64,66,68,68,68,71,70,70,66,28,25
Corban Knight,8,65,69,67,71,67,67,70,68,68,64,68,26,25
Joakim Nordstrom,8,69,70,69,72,72,77,71,71,71,68,70,27,27
Sam Carrick,8,71,71,71,71,70,60,70,67,70,69,68,27,27
Petter Granberg,8,72,65,74,70,70,59,70,68,69,70,64,31,25
Jeff Halpern,9,65,69,69,70,70,73,69,69,69,69,67,85,83
Zack Smith,9,78,69,77,77,77,43,69,71,73,72,72,35,35
Martin Havlat,9,61,79,70,75,43,70,80,75,76,72,72,73,73
Eric Fehr,9,70,67,75,76,60,77,69,74,73,70,74,42,40
Jerred Smithson,9,72,69,75,72,70,73,69,67,70,72,61,56,56
Sean Bergenheim,9,69,77,72,76,65,70,75,73,73,70,72,47,47
Jarret Stoll,9,76,71,76,75,73,71,72,73,74,72,71,70,76
Vladimir Sobotka,9,71,76,67,75,69,66,76,73,74,74,71,40,40
Trevor Lewis,9,72,77,70,74,74,75,75,70,69,74,71,35,35
David Schlemko,9,67,72,73,75,70,78,73,71,74,75,66,35,35
Mark Stuart,9,77,72,77,77,70,53,72,72,70,77,62,51,48
Radko Gudas,9,80,67,76,76,70,33,66,72,71,74,65,31,30
Tim Erixon,9,67,72,72,74,70,70,72,72,72,73,67,29,27
Antti Raanta,9,81,83,79,78,73,76,82,79,83,0,0,34,34
Ryan Wilson,9,74,72,76,74,60,70,70,71,70,75,66,37,37
Erik Gustafsson,9,65,74,67,73,69,78,74,74,71,73,66,28,28
Joakim Andersson,9,73,72,75,75,70,76,72,72,72,72,69,32,30
Jiri Tlusty,9,66,77,70,77,71,80,76,74,74,69,73,44,44
Mikael Backlund,9,70,78,69,77,73,81,77,75,76,70,73,38,38
Josh Harding,9,81,81,77,75,42,72,81,75,81,0,0,38,37
Scottie Upshall,9,77,75,70,73,55,63,75,73,71,69,73,51,50
Brendan Ranford,9,64,69,64,68,68,68,68,68,68,68,67,25,25
Chris Mason,9,75,76,75,74,77,78,76,72,76,0,0,62,62
Bruno Gervais,9,67,72,68,72,67,76,72,70,71,70,68,42,42
Maxim Chudinov,9,60,69,64,66,68,68,68,71,70,70,66,25,25
Brett Sutter,9,78,71,71,72,68,55,71,69,69,68,66,28,27
Kyle Clifford,9,80,71,80,78,76,48,71,72,72,69,70,38,38
Brett Bellemore,9,71,68,72,75,72,68,70,72,71,73,65,29,25
Jeff Schultz,9,67,64,82,74,70,72,64,69,69,72,55,44,44
Petr Zamorsky,9,68,66,67,66,67,68,64,66,64,67,65,25,25
Taylor Pyatt,9,67,70,75,71,56,73,70,70,68,69,70,76,76
Philip McRae,9,69,70,73,69,70,69,69,66,70,68,69,26,25
Greg Carey,9,66,69,63,68,70,70,69,70,70,68,70,25,25
Greg Nemisz,9,67,70,74,72,70,71,70,67,70,67,67,26,26
John Muse,9,75,76,77,74,70,73,74,70,73,0,0,26,25
Maxime Macenauer,9,66,70,65,70,67,69,70,67,67,66,67,25,25
Antoine Laganiere,9,71,62,75,70,70,61,62,65,67,57,65,25,25
Josh Jooris,9,72,75,70,73,71,74,71,73,71,69,72,31,27
Steven Delisle,9,70,63,69,65,60,65,65,66,65,66,64,25,25
Brad Malone,9,75,70,75,74,71,64,71,71,71,66,71,29,29
Gleason Fournier,9,66,67,66,65,68,71,66,66,65,65,65,25,25
Cody Rosen,9,76,75,75,71,70,73,73,73,73,0,0,25,25
James Wright,9,72,72,75,73,71,78,72,69,72,70,67,28,28
Jordan Weal,9,66,69,62,64,64,67,69,67,65,67,67,25,25
Zac Dalpe,9,65,74,65,73,72,73,74,70,70,63,69,27,25
Mark Owuya,9,79,79,75,73,73,77,79,69,79,0,0,25,25
Troy Grosenick,9,76,79,77,75,71,74,77,72,76,0,0,26,26
Stephane Robidas,10,74,73,65,75,60,70,73,72,74,77,61,80,80
Jared Cowen,10,75,71,78,76,65,63,71,71,71,77,69,36,31
Martin St. Louis,10,69,86,66,83,86,87,86,83,83,71,77,89,90
Jonathan Toews,10,75,84,75,86,82,74,84,83,83,78,80,58,82
Cam Fowler,10,67,79,74,81,71,81,79,80,78,77,72,41,41
David Clarkson,10,82,72,78,77,62,43,73,71,74,69,73,50,48
Victor Hedman,10,76,75,82,82,74,71,75,81,76,77,73,42,41
Joe Vitale,10,77,72,73,74,65,71,72,73,73,69,66,32,32
Scott Hartnell,10,78,73,77,79,80,43,72,78,74,72,75,85,85
Jonas Brodin,10,71,74,70,78,72,75,73,74,76,78,70,31,31
T.J. Oshie,10,75,78,71,79,75,70,79,81,77,72,76,42,42
Joshua Bailey,10,70,75,70,77,75,76,74,77,74,70,72,44,44
Dwight King,10,75,72,80,76,74,77,73,73,73,72,73,33,33
Sidney Crosby,10,75,89,70,87,65,70,89,96,96,70,85,53,73
Mike Ribeiro,10,72,79,66,81,83,71,79,81,81,63,74,77,68
Nick Bonino,10,73,76,72,77,71,77,76,76,74,71,75,35,35
Roman Josi,10,69,78,73,80,75,79,78,81,80,78,75,34,34
Cody McLeod,10,82,69,80,75,74,33,71,71,71,70,71,50,50
Jaroslav Halak,10,89,90,76,83,75,81,89,79,87,0,0,48,48
Dustin Tokarski,10,80,82,78,76,74,77,82,72,82,0,0,30,29
David Moss,10,67,72,77,75,62,80,72,72,72,65,71,43,43
Mike Halmo,10,72,66,68,70,68,58,68,67,67,66,68,26,25
Jeremy Morin,10,71,71,70,72,68,67,70,69,72,69,71,27,25
Francis Bouillon,10,71,73,55,73,64,67,73,70,71,73,65,72,72
Brad Ross,10,79,64,75,73,58,50,61,65,64,64,63,25,25
Zach Trotman,10,67,66,77,70,69,75,66,70,71,70,67,26,25
Morgan Ellis,10,69,65,69,65,65,69,63,65,65,66,64,25,25
Magnus Hellberg,10,75,77,78,71,70,73,78,69,78,0,0,26,25
Brenden Kichton,10,67,68,64,67,69,70,66,67,66,67,65,25,25
Andrej Nestrasil,10,72,67,77,74,70,72,70,72,71,69,71,35,27
Conor Allen,10,69,68,74,70,67,71,69,66,70,71,66,26,26
Nate Prosser,10,71,68,75,75,72,67,71,71,72,76,61,30,30
John McCarthy,10,73,69,74,73,73,70,70,67,69,68,67,28,26
Jesse Blacker,10,69,72,72,72,70,67,72,67,70,68,63,26,26
Philip Samuelsson,10,69,67,69,70,70,67,68,68,70,67,65,26,25
Ryan Dzingel,10,65,66,64,68,68,74,67,69,67,66,67,25,25
Jori Lehtera,10,70,74,75,76,71,68,73,76,76,72,73,29,28
Curtis Hamilton,10,67,67,68,65,67,68,66,66,65,67,65,25,25
Austin Levi,10,67,64,67,65,68,67,65,66,66,66,64,25,25
Justin Shugg,10,66,69,65,70,65,71,69,66,69,64,67,26,25
Joey Leach,10,67,64,67,66,65,67,65,66,66,66,63,25,25
Mac Bennett,10,67,70,65,70,65,68,70,70,69,70,69,25,25
Colby Robak,10,67,70,71,71,68,70,71,70,70,66,64,27,27
Tim Gleason,11,74,73,77,77,69,64,73,71,72,75,55,64,61
Boyd Gordon,11,70,72,72,75,74,77,73,72,71,71,71,54,50
Ryan Miller,11,88,88,75,82,75,82,89,81,88,0,0,73,71
Cal Clutterbuck,11,82,73,78,75,75,65,73,72,72,71,71,42,39
Derek Roy,11,67,79,59,80,69,75,79,79,78,69,72,64,63
Anthony Peluso,11,79,68,79,74,71,53,70,69,70,64,67,30,29
J.T. Brown,11,68,73,64,73,72,76,73,73,72,67,70,27,26
Evgeny Kuznetsov,11,68,75,67,76,70,70,75,77,76,68,71,30,28
Daniel Briere,11,65,81,58,78,65,72,81,76,77,65,72,82,81
Beau Bennett,11,69,74,69,74,69,75,74,75,74,67,70,29,28
Teddy Purcell,11,67,77,76,78,81,79,77,77,76,68,72,42,42
Manny Malhotra,11,68,73,76,75,63,81,73,70,71,73,68,86,86
Blair Jones,11,65,69,73,73,70,67,68,68,68,68,67,30,30
Eric Brewer,11,71,71,76,76,75,67,72,71,70,76,62,84,83
Peter Holland,11,69,75,72,75,71,73,74,74,73,70,72,31,29
Jack Campbell,11,77,79,74,75,70,78,77,78,78,0,0,25,25
Victor Bartley,11,70,71,71,72,71,77,73,73,72,73,62,33,30
Tom Gilbert,11,66,76,75,78,75,78,76,75,74,72,70,52,51
Blake Comeau,11,71,74,74,75,71,71,74,73,73,66,73,41,41
Willie Mitchell,11,78,71,79,76,60,71,71,70,65,78,64,74,72
Alexander Semin,11,61,81,70,78,61,69,80,76,77,66,73,54,47
Mark Borowiecki,11,80,72,77,74,70,33,72,70,70,71,60,28,26
Ron Hainsey,11,65,75,75,78,73,77,75,73,71,75,62,66,66
Jonas Gustavsson,11,83,84,84,79,70,76,84,74,80,0,0,37,37
Troy Brouwer,11,73,71,77,81,79,61,72,74,75,71,76,49,49
Nolan Yonkman,11,80,55,83,76,60,50,60,55,55,72,50,33,48
Michael Sgarbossa,11,70,71,63,72,70,63,70,70,70,63,68,26,26
Luke Gazdic,11,80,68,80,73,72,36,71,70,70,66,64,29,26
Tyler Gaudet,11,67,69,73,70,69,70,69,65,67,66,64,26,25
Jonas Junland,11,64,68,68,65,65,62,68,65,65,69,56,26,26
Matt Hackett,11,80,80,76,73,73,78,80,69,80,0,0,25,25
Mark Visentin,11,75,77,75,73,75,78,76,77,76,0,0,26,25
Maxim Trunev,11,65,67,63,70,65,63,67,65,65,56,64,25,25
Chris Breen,11,68,66,77,71,71,53,65,66,65,67,55,26,25
Brett Clark,11,65,71,67,70,69,76,70,71,71,73,60,68,65
Stu Bickel,11,80,64,81,71,68,33,66,66,66,73,56,26,26
Francis Pare,11,62,70,60,71,70,71,70,70,68,60,67,25,25
Nick Palmieri,11,65,70,73,73,70,81,70,70,70,62,70,26,26
Anton Klementyev,11,65,65,65,67,65,70,65,63,60,65,50,25,25
Greg Zanon,11,68,67,70,74,70,73,68,70,68,75,55,50,50
Guillaume Desbiens,11,80,68,75,60,70,48,68,64,64,63,60,28,28
Michael Grabner,16,65,81,65,75,66,78,82,73,75,63,74,34,34
Paul Ranger,16,66,72,76,75,65,63,72,72,69,74,66,44,44
James Wisniewski,16,77,75,73,78,67,70,74,82,79,74,69,52,50
Clarke MacArthur,16,73,77,72,79,75,71,75,78,78,72,75,51,51
Matt Cullen,16,70,74,72,75,72,79,76,74,76,72,71,94,90
Joe Thornton,16,70,75,81,82,80,71,75,87,87,74,72,90,92
Tomas Kopecky,16,71,71,77,75,68,66,71,71,75,67,70,52,52
Andre Benoit,16,67,75,69,75,73,79,75,75,74,73,70,34,33
Zbynek Michalek,16,70,74,71,78,64,78,74,72,74,79,63,63,60
Ryan Malone,16,71,71,76,73,48,56,70,71,72,69,71,61,66
Michael Del Zotto,16,70,79,69,79,70,75,79,76,75,75,72,37,37
Niklas Hjalmarsson,16,74,76,78,81,75,76,76,76,75,81,64,44,44
David Backes,16,79,75,79,82,75,55,74,81,77,76,78,60,60
Bryan Bickell,16,75,70,79,75,74,73,72,72,72,72,73,35,33
Cody Franson,16,73,71,79,77,70,75,70,79,75,76,73,36,36
Dan Boyle,16,67,76,66,78,70,73,77,77,76,74,74,85,85
Eric Staal,16,75,78,78,84,83,66,78,81,81,70,76,75,80
James Reimer,16,81,84,82,78,72,80,85,74,83,0,0,39,39
Daniel Cleary,16,70,77,72,74,60,73,76,70,71,71,70,81,81
Reilly Smith,16,72,77,70,77,75,77,75,78,75,70,74,33,33
Dominic Moore,16,71,77,66,76,74,75,75,74,72,73,71,60,60
Henrik Lundqvist,16,88,92,81,87,85,93,94,83,94,0,0,70,70
Jordan Samuels-Thomas,16,68,66,67,65,68,70,67,67,67,65,64,25,25
Mathieu Perreault,16,70,79,64,76,68,72,78,78,77,73,76,35,35
Tanner Glass,16,78,74,75,74,74,61,73,71,69,67,68,39,45
Devante Smith-Pelly,16,75,73,76,75,69,71,73,71,71,69,70,29,28
Ryan Stoa,16,66,70,73,72,72,61,70,70,68,67,69,26,26
Nicolas Deslauriers,16,72,74,74,73,71,63,74,71,70,67,69,28,28
Antero Niittymaki,16,72,75,72,72,76,78,75,72,75,0,0,45,45
John Albert,16,64,69,63,70,69,71,69,67,66,64,66,26,25
Thomas Larkin,16,68,62,75,62,62,66,62,62,62,64,60,25,25
Nicolas Deschamps,16,60,69,67,71,65,75,69,70,71,64,68,25,25
Jordan Szwarz,16,68,70,66,73,70,68,70,70,72,68,69,26,25
Tommy Cross,16,68,66,68,65,68,70,67,67,68,67,65,25,25
Robert Czarnik,16,63,65,64,65,64,70,65,68,64,67,65,25,25
Matt Donovan,16,66,71,71,73,72,75,71,73,70,70,69,27,26
Brent Regner,16,62,68,64,71,64,75,68,70,66,66,62,25,25
David Wohlberg,16,65,68,66,67,67,69,67,66,67,64,66,25,25
Corey Fienhage,16,68,65,68,66,65,66,65,67,66,65,65,25,25
Kevin Lynch,16,65,68,66,67,67,69,67,66,67,64,66,25,25
Colten Teubert,16,72,70,76,75,70,48,70,68,66,65,60,28,28
Mathieu Corbeil,16,75,76,76,71,73,74,73,73,73,0,0,25,25
Danick Paquette,16,67,65,68,66,65,66,65,67,66,65,65,25,25
Connor Knapp,16,75,76,76,72,73,74,74,73,74,0,0,26,25
Anton Stralman,12,66,75,71,79,75,76,74,79,76,79,68,43,40
Rene Bourque,12,66,79,76,75,68,70,80,72,72,70,71,55,50
Chris Kelly,12,75,75,73,75,74,69,75,75,73,72,71,65,65
Brad Richardson,12,66,77,65,76,70,74,77,73,73,71,73,47,47
Chris Phillips,12,65,71,74,75,80,73,72,71,70,75,62,92,92
Brooks Laich,12,72,72,75,78,65,77,72,73,73,70,72,62,62
Ben Lovejoy,12,75,72,76,78,70,73,72,73,74,78,66,34,34
Tomas Kubalik,12,73,70,75,71,68,61,70,65,69,57,67,27,27
Kimmo Timonen,12,67,75,65,77,39,79,76,80,80,77,71,85,85
Corey Perry,12,80,79,80,84,81,64,79,81,82,73,84,60,60
David Savard,12,68,75,73,76,75,72,74,74,72,70,72,30,28
David Desharnais,12,72,81,59,78,76,77,81,81,77,72,74,35,35
Joey Crabb,12,73,68,71,72,74,71,68,72,70,68,70,28,28
John Erskine,12,77,64,83,74,66,66,64,65,65,74,61,53,53
Marcus Johansson,12,65,81,67,80,77,85,81,79,77,71,75,36,35
Devin Setoguchi,12,69,77,71,74,71,76,77,72,72,68,71,44,42
Nathan Beaulieu,12,70,75,73,75,66,60,75,72,73,71,68,32,27
Kyle Palmieri,12,71,77,67,75,70,70,77,74,74,70,73,30,30
Niklas Backstrom,12,80,82,78,76,54,81,82,80,83,0,0,57,57
Nicklas Backstrom,12,72,82,77,85,79,69,82,92,88,70,73,50,50
Jeff Skinner,12,70,82,71,78,69,77,81,77,79,65,77,36,36
Sergei Bobrovsky,12,89,89,82,85,78,80,88,80,88,0,0,40,40
Vincent Lecavalier,12,66,73,78,76,60,75,76,75,76,65,72,90,94
Damien Brunner,12,66,76,65,73,70,77,76,73,73,63,72,28,27
Chris Summers,12,67,73,73,74,72,65,72,71,72,70,62,28,25
Philip Varone,12,68,73,66,73,69,68,72,70,71,60,70,26,26
Bill Arnold,12,67,68,64,67,69,70,66,67,66,67,65,25,25
Mathieu Brodeur,12,68,63,77,70,70,65,63,67,60,68,58,25,25
Michael Lee,12,78,75,75,72,70,53,75,65,75,0,0,25,25
Steve Oleksy,12,72,65,72,70,64,63,65,70,70,71,63,25,25
Alexander Petrovic,12,70,66,73,72,65,63,70,70,70,70,64,26,26
Jan Mursak,12,62,73,63,72,70,73,73,70,70,62,66,25,25
Ivan Telegin,12,65,66,68,67,65,65,65,67,66,66,66,25,25
Nick Mattson,12,65,65,68,66,68,69,67,66,66,66,65,25,25
Joshua Winquist,12,63,68,63,65,60,67,67,66,67,67,68,25,25
Mike Aviani,12,60,66,65,67,67,69,69,68,68,66,65,25,25
Ludvig Rensfeldt,12,67,67,68,65,67,68,66,66,65,67,65,25,25
Blake Coleman,12,62,68,67,67,65,68,67,67,66,66,65,25,25
Guillaume Gelinas,12,62,70,62,65,60,63,70,66,70,66,67,25,25
Adam Polasek,12,65,66,68,65,65,70,67,65,66,66,62,25,25
Marcus Power,12,60,67,62,65,65,71,68,69,67,66,65,25,25
Joey Hishon,12,60,75,63,71,70,76,71,69,71,67,68,26,25
Aaron Rome,12,74,70,77,72,63,59,70,70,68,71,65,32,32
Chad Billins,12,64,67,64,71,70,68,69,70,70,70,68,26,26
Jonathan Audy,12,60,72,57,70,70,68,72,72,69,70,61,25,25
Tanner Pearson,12,71,71,72,73,70,71,72,72,73,70,72,34,29
Brandon Saad,29,72,76,74,78,73,77,76,78,77,73,75,34,33
Zach Redmond,29,67,73,73,73,70,63,73,71,73,72,69,28,27
Sami Aittokallio,29,74,76,75,73,75,76,76,78,78,50,50,25,27
John Klingberg,29,67,76,67,77,71,75,77,77,76,72,73,32,27
Martin Jones,29,81,81,81,77,74,78,81,74,81,0,0,30,30
Dana Tyrell,29,66,73,66,74,70,79,72,73,72,72,67,30,30
Perttu Lindgren,29,56,73,60,72,70,71,73,73,73,67,68,25,25
Bobby Sanguinetti,29,62,73,71,72,69,71,73,71,68,69,68,27,27
Paul Bissonnette,29,83,66,80,72,68,43,64,65,64,70,63,35,30
Ryan Johansen,29,69,75,77,80,75,73,76,80,79,70,78,38,37
Derek Dorsett,29,85,70,79,76,68,34,70,73,72,71,70,39,39
Brandon Bollig,29,83,66,83,76,74,51,68,69,69,69,70,31,31
Matt Hendricks,29,79,72,79,74,72,60,72,68,70,70,68,39,39
Anton Rodin,29,58,75,62,72,70,72,75,71,70,58,67,25,25
Derek MacKenzie,29,77,73,69,75,74,72,71,71,71,72,70,41,40
Cal O'Reilly,29,64,71,65,74,70,78,71,74,73,64,70,26,26
Corey Tropp,29,70,73,69,74,69,62,73,71,71,70,69,29,27
Seth Jones,29,71,73,79,77,73,73,73,76,75,75,71,29,28
Jochen Hecht,29,61,70,64,70,60,73,70,70,70,70,69,75,75
Mark Scheifele,29,70,76,75,77,71,75,75,76,75,69,73,29,28
Kevin Marshall,29,77,67,75,71,65,53,67,67,64,71,59,26,26
Travis Hamonic,29,77,73,76,78,70,58,73,75,74,76,70,37,36
Nathan Lieuwen,29,78,79,79,76,75,78,76,78,79,0,0,27,27
Darren Archibald,29,73,68,69,70,67,67,67,70,70,66,65,25,25
Bobby Butler,29,68,74,68,73,71,76,75,72,72,68,69,29,29
Craig Cunningham,29,67,70,65,73,69,72,70,70,69,69,67,27,25
Andy Andreoff,29,72,68,72,73,62,63,66,70,69,67,66,27,25
T.J. Brodie,29,67,75,70,78,73,78,75,77,76,76,72,33,31
Lance Bouma,29,77,71,73,75,72,69,71,73,73,70,72,31,29
Jesper Fast,29,68,74,67,74,70,73,73,71,71,68,70,27,26
Tyler Eckford,29,65,66,71,70,69,58,66,68,68,66,66,25,25
Scott Darling,29,79,80,88,76,74,75,81,72,81,0,0,29,29
Alexandre Grenier,29,68,64,69,65,65,65,64,67,67,65,66,25,25
Jared Knight,29,66,68,65,68,64,68,67,66,66,66,65,25,25
Sebastian Wannstrom,29,68,65,68,67,65,66,64,66,66,64,66,25,25
Oscar Lindberg,29,69,69,69,70,65,69,70,66,69,64,66,26,26
Daniel Sedin,13,67,83,72,84,76,75,83,83,83,76,75,89,88
Luke Schenn,13,77,72,78,77,79,63,72,72,72,76,63,42,40
Andrew Ladd,13,73,76,77,82,78,68,76,79,79,73,77,55,66
Jason Garrison,13,73,73,77,79,77,73,74,78,76,76,74,40,37
Chad Johnson,13,82,83,84,77,73,83,83,76,82,0,0,31,30
Jordan Staal,13,75,76,80,81,66,73,76,77,77,75,73,53,53
Mark Fayne,13,71,70,78,78,75,70,71,72,71,76,68,35,33
Patrick Dwyer,13,71,76,70,77,77,79,75,71,71,73,70,40,38
Mark Cundari,13,68,69,64,71,70,67,70,69,70,71,67,25,25
Tye McGinn,13,73,71,77,73,70,58,71,71,70,70,70,27,26
Kyle Okposo,13,75,79,77,81,73,68,78,81,80,67,77,43,41
Steve Mason,13,83,88,86,83,74,75,88,77,88,0,0,43,42
Francois Beauchemin,13,75,72,74,82,77,78,72,76,76,82,72,61,60
Sami Lepisto,13,70,70,70,71,68,59,70,70,70,70,59,34,33
Henrik Sedin,13,66,81,74,83,85,71,81,88,90,75,73,88,87
Craig Smith,13,70,75,73,78,74,78,75,77,76,71,76,35,35
P.K. Subban,13,77,81,74,84,80,60,81,85,84,77,79,39,36
Marc Staal,13,72,75,80,79,68,75,75,73,73,79,69,47,46
Joe Colborne,13,68,70,78,76,70,72,70,75,73,68,72,30,29
Daniel Winnik,13,72,74,75,77,75,76,74,76,72,72,71,48,45
Nikolai Kulemin,13,73,75,75,76,74,74,75,74,73,74,72,46,44
Dale Weise,13,78,73,75,75,72,63,73,72,71,72,70,31,31
Curtis Sanford,13,74,78,70,76,77,80,77,71,77,0,0,35,35
Steve Bernier,13,72,68,76,74,74,71,71,74,72,68,73,54,54
Peter Harrold,13,68,76,68,74,70,78,76,73,72,74,62,36,36
Dan Ellis,13,80,80,75,75,75,75,80,75,80,0,0,46,46
Jyrki Jokipakka,13,69,69,71,72,69,72,70,72,71,71,64,27,27
Trevor Smith,13,73,71,72,75,72,72,71,72,72,67,70,27,27
Colin Fraser,13,75,73,70,74,70,68,72,70,71,70,67,45,40
Mikael Samuelsson,13,64,70,70,70,64,69,69,69,69,69,69,70,70
Ville Leino,13,67,70,69,70,63,79,72,72,70,67,69,39,39
Eric Gelinas,13,71,70,77,75,69,69,71,76,74,73,71,28,28
Josh Gorges,14,74,73,74,79,75,75,73,72,71,77,62,54,52
Jannik Hansen,14,66,75,71,78,77,73,75,73,73,72,73,39,38
Jordan Eberle,14,69,80,66,80,75,84,80,82,82,68,78,38,38
Ryan Whitney,14,67,72,73,74,64,69,72,72,71,70,64,51,49
Spencer Abbott,14,62,76,58,72,65,76,76,72,72,60,68,25,25
Tyler Toffoli,14,71,75,71,77,70,77,74,77,76,72,75,32,29
Torey Krug,14,70,75,63,76,68,72,77,78,77,74,75,29,29
Patrice Bergeron,14,73,80,73,80,77,74,80,82,83,79,77,58,62
Brian Flynn,14,67,72,68,75,70,79,72,72,73,64,72,29,28
Bud Holloway,14,69,70,68,72,72,74,70,71,69,67,71,25,25
Justin Braun,14,68,72,77,79,76,73,73,77,76,75,69,37,36
Gabriel Landeskog,14,73,75,73,80,73,63,75,79,78,70,77,35,42
Tyler Ennis,14,68,82,59,78,72,75,81,77,77,67,74,34,34
Paul Stastny,14,67,78,74,82,73,75,79,81,80,70,76,53,52
Justin Faulk,14,75,77,73,80,72,71,76,80,78,77,75,34,33
Pekka Rinne,14,89,91,92,83,67,76,91,78,91,0,0,51,51
Jay Bouwmeester,14,70,82,78,83,83,75,82,78,77,80,71,77,77
Antoine Roussel,14,80,72,77,76,71,43,72,74,73,69,73,29,29
Sami Vatanen,14,71,75,63,78,68,68,75,78,76,75,74,29,28
Eric Hartzell,14,78,77,77,75,70,73,75,72,75,0,0,25,25
Nick Spaling,14,69,71,68,77,70,78,72,73,73,72,72,36,36
Nikita Filatov,14,62,77,67,73,73,76,74,74,74,59,70,27,27
Matt Frattin,14,65,77,67,75,68,75,77,71,73,66,71,29,29
Alexander Guptill,14,66,69,64,62,65,68,67,66,65,66,65,25,25
Alexander Burmistrov,14,67,76,64,72,70,73,76,72,73,68,71,36,36
Teemu Pulkkinen,14,70,74,69,74,70,69,70,70,71,69,70,27,25
Chris Wagner,14,65,69,72,71,69,67,69,69,69,64,69,26,26
Brian Dumoulin,14,63,70,72,72,70,77,70,70,68,70,69,26,26
Jordan Caron,14,69,70,76,73,70,67,70,70,71,69,70,29,29
Stephen Johns,14,69,65,69,65,65,69,63,65,65,66,64,25,25
Scott Glennie,14,65,72,73,73,68,72,72,71,69,60,67,25,25
Christian Folin,14,71,68,76,73,70,70,71,72,72,74,68,26,26
Melker Karlsson,14,70,71,70,74,70,68,71,72,71,67,72,26,26
Andrej Sustr,14,70,66,77,74,71,70,72,73,72,74,62,28,27
Fredrik Claesson,14,67,68,65,66,65,70,66,67,65,66,65,25,25
Reto Berra,14,80,81,79,75,72,74,82,77,81,0,0,30,29
Brian Ferlin,14,66,69,72,71,69,69,70,68,68,68,67,26,26
Ryan Haggerty,14,67,66,67,65,66,68,65,66,64,66,66,25,25
Evgeni Malkin,15,73,80,78,84,63,66,82,95,94,68,82,53,53
Sean Couturier,15,74,73,74,77,70,72,73,75,75,71,73,34,33
David Jones,15,63,74,75,75,61,75,74,74,74,70,73,37,37
James van Riemsdyk,15,70,75,76,80,74,70,75,80,79,67,80,42,40
Michael Hutchinson,15,79,83,81,78,73,77,83,80,85,0,0,29,28
Pavel Datsyuk,15,66,85,65,81,60,80,86,88,92,84,78,84,83
Jake Gardiner,15,68,76,69,77,72,78,76,77,75,73,71,31,30
Jonathan Bernier,15,80,87,79,81,79,79,86,78,86,0,0,42,39
Morgan Rielly,15,69,73,70,77,72,75,75,76,75,72,71,35,27
Nazem Kadri,15,73,80,70,78,75,66,80,79,77,66,75,36,35
Brayden McNabb,15,74,70,77,76,70,70,70,76,76,76,66,30,28
Zdeno Chara,15,85,64,92,85,76,65,64,78,77,84,74,92,91
Marek Mazanec,15,79,81,79,79,75,79,80,79,80,0,0,29,26
Braydon Coburn,15,74,72,82,78,74,66,72,73,73,75,67,52,52
Zach Bogosian,15,78,76,79,79,55,65,76,73,73,77,70,42,41
Robyn Regehr,15,79,70,80,79,76,68,70,70,66,77,66,82,81
Carl Hagelin,15,68,85,66,77,65,69,83,76,74,70,74,35,34
Drew Stafford,15,69,76,73,77,70,75,76,76,75,69,73,46,44
Brayden Schenn,15,70,78,72,77,76,69,78,78,76,67,74,33,33
Tyler Johnson,15,69,80,63,79,75,78,80,82,81,72,80,35,34
Rich Clune,15,81,71,78,72,65,33,71,68,69,71,66,30,30
Nathan Gerbe,15,69,82,57,78,63,69,82,73,74,64,72,37,37
Logan Couture,15,69,74,71,81,70,83,74,80,80,73,79,40,39
Paul Byron,15,68,77,58,75,70,73,75,72,73,66,71,29,29
Adam Almqvist,15,65,68,65,71,71,70,68,70,70,70,67,26,25
Valeri Nichushkin,15,72,68,70,73,71,72,70,72,73,71,73,31,27
Jacob Trouba,15,73,74,75,78,67,70,74,74,73,76,72,29,27
Raman Hrabarenka,15,70,69,74,70,66,69,69,69,69,67,68,26,25
Joe Whitney,15,62,70,62,71,69,73,70,70,70,69,70,26,25
Daniil Tarasov,15,65,70,71,71,69,71,70,70,70,69,68,26,26
Viktor Svedberg,15,68,66,74,68,65,68,65,65,64,68,60,25,25
Justin Dowling,15,66,69,62,64,64,67,69,67,65,67,67,25,25
Kristers Gudlevskis,15,72,75,76,77,75,79,77,76,76,0,0,26,26
Nolan Zajac,15,65,67,65,67,66,71,67,66,67,66,65,25,25
Mark Barberio,15,68,71,72,75,72,74,71,71,72,74,65,29,29
Eric Knodel,15,65,62,71,66,66,69,66,67,66,66,66,25,25
Jan Kovar,15,66,67,65,68,65,70,66,65,64,68,67,25,25
Jordan Oesterle,15,68,70,69,70,69,69,70,69,69,70,63,26,25
Magnus Nygren,15,65,66,68,65,65,70,67,65,66,66,62,25,25
Reto Suri,15,65,67,65,66,62,68,66,65,66,65,65,25,25
Bobby Ryan,18,69,78,79,79,77,72,78,81,81,69,77,47,46
Ondrej Palat,18,75,75,72,79,76,73,76,81,80,75,74,35,34
Rob Klinkhammer,18,69,67,74,74,72,76,67,73,72,70,72,43,42
Erik Cole,18,71,74,74,76,70,71,75,72,74,65,74,78,78
Andrej Meszaros,18,69,72,77,78,72,69,72,72,72,75,71,54,54
Roman Polak,18,75,70,80,76,70,63,70,70,71,77,68,43,43
Milan Michalek,18,68,79,76,77,62,72,79,75,73,69,73,61,61
Trevor Daley,18,68,78,70,80,75,70,78,74,73,74,75,65,64
Nathan MacKinnon,18,66,77,68,78,70,68,78,79,78,68,76,30,30
Dan Hamhuis,18,70,75,74,82,72,71,75,77,76,80,71,73,72
Henrik Zetterberg,18,69,81,68,81,67,79,81,88,84,76,75,77,80
Olli Jokinen,18,69,70,76,76,88,68,71,73,72,67,70,85,84
Ondrej Pavelec,18,84,86,87,82,76,76,86,66,80,0,0,44,44
Matt Carle,18,67,78,70,80,80,76,78,77,75,78,69,60,58
Scott Gomez,18,61,74,65,76,70,76,74,76,76,68,71,89,86
Justin Williams,18,68,79,70,80,65,70,79,77,78,73,74,79,79
Brad Stuart,18,74,73,77,79,70,70,73,71,70,76,67,84,84
Craig Anderson,18,84,87,80,82,69,81,87,76,88,0,0,56,55
Maxime Talbot,18,76,76,68,77,72,71,75,75,73,74,71,55,55
Alex Chiasson,18,72,71,75,75,73,70,72,75,74,65,73,29,29
Greg Pateryn,18,75,67,76,75,70,71,67,67,67,75,63,28,28
Matt Hunwick,18,69,74,67,75,70,73,73,72,74,75,65,40,39
Ryan Stanton,18,75,71,73,75,72,65,71,72,72,73,66,32,31
Edward Pasquale,18,76,77,82,73,70,70,78,73,77,0,0,25,25
Tyler Pitlick,18,73,70,71,74,70,72,69,72,71,69,70,27,27
Mikko Koskinen,18,76,76,78,72,70,73,76,68,76,0,0,25,25
Michael Stone,18,76,69,76,77,72,77,69,73,72,75,70,33,32
Philippe Paradis,18,70,65,71,70,67,65,65,68,68,63,67,26,25
Michael Chaput,18,69,70,69,73,71,71,69,72,71,69,70,27,27
Jordan Martinook,18,68,68,70,72,69,70,66,70,69,67,69,25,25
Alexandre Mallet,18,64,69,64,65,63,68,69,66,64,66,67,25,25
Cameron Gaunce,18,71,67,73,69,64,63,66,68,70,66,64,26,25
Olivier Roy,18,78,78,70,73,74,65,78,68,78,0,0,25,25
Peter Mueller,18,66,70,73,75,60,74,70,73,74,64,72,39,39
Riley Sheahan,18,72,72,77,77,73,74,72,75,74,72,72,30,31
Liam O'Brien,18,73,67,71,74,71,70,69,68,70,70,70,31,27
Andrew Ebbett,18,68,77,59,74,68,74,77,73,73,65,70,35,34
John Ramage,18,67,68,67,73,70,63,69,69,68,67,62,27,27
Freddie Hamilton,18,63,73,68,73,71,76,72,71,72,67,69,27,26
Justin Falk,18,66,72,77,75,69,72,72,73,70,72,60,31,29
Kevan Miller,18,73,69,74,75,71,69,69,71,70,74,65,32,32
Anders Nilsson,18,75,78,85,74,70,63,78,68,78,0,0,26,26
Zane McIntyre,18,74,81,74,75,72,78,80,75,80,0,0,27,27
David Dziurzynski,18,77,67,78,74,68,55,67,69,73,60,71,27,27
Julian Melchiori,18,65,67,68,67,66,72,66,66,70,69,66,25,25
Derek Grant,18,66,72,74,72,71,75,72,66,68,68,65,27,27
Nick Holden,18,74,70,76,76,72,73,70,73,73,73,71,31,30
Bryan Rust,18,68,67,67,70,65,69,67,67,67,66,66,27,26
Dalton Prout,18,75,68,78,75,70,63,68,72,70,73,60,31,30
Kyle Chipchura,19,76,68,76,76,70,67,70,72,72,71,70,40,38
Matt Read,19,68,77,69,78,75,81,77,76,76,69,74,36,36
Viatcheslav Voynov,19,68,75,66,79,74,62,74,81,75,75,71,30,30
Tobias Enstrom,19,70,76,67,77,65,76,78,78,77,76,71,51,50
Alexander Steen,19,74,79,75,80,72,83,78,82,80,75,79,61,60
Derick Brassard,19,71,79,73,79,76,71,79,79,79,70,74,45,43
Brian Gionta,19,69,82,57,77,70,75,82,75,77,71,73,76,80
Alexander Edler,19,74,75,79,82,75,69,75,76,78,77,73,50,49
Clayton Stoner,19,78,69,80,77,65,60,70,71,71,77,59,35,35
Jack Skille,19,70,74,74,74,72,78,74,73,72,71,70,32,32
Marcel Goc,19,69,76,72,77,64,83,75,72,73,72,71,52,41
Brad Richards,19,69,75,70,82,85,83,76,79,79,68,73,85,85
Jiri Hudler,19,66,78,61,81,79,79,79,82,81,68,78,55,53
Alvaro Montoya,19,77,81,79,76,69,79,81,82,81,0,0,38,38
Brian Elliott,19,85,87,84,81,75,81,88,76,89,0,0,47,47
John-Michael Liles,19,70,75,63,76,71,72,74,75,73,72,63,67,67
Chris Kunitz,19,74,79,69,81,74,69,79,80,81,70,79,67,67
Luke Glendening,19,75,75,69,75,75,70,73,71,73,72,72,31,31
Christian Ehrhoff,19,71,77,76,80,68,73,77,77,76,76,68,69,69
Ryan Garbutt,19,74,71,72,75,73,65,72,73,72,71,72,36,36
Kenny Morrison,19,69,65,69,65,65,69,63,65,65,66,64,25,25
Dennis Everberg,19,71,70,75,72,69,68,70,71,70,67,70,27,27
Brian Lashoff,19,71,72,77,74,73,71,72,71,69,72,60,28,27
Johan Gustafsson,19,75,75,78,72,70,73,75,65,75,0,0,25,25
Johan Alm,19,70,66,67,66,67,67,67,65,66,64,66,25,25
Blake Pietila,19,69,69,65,68,65,55,69,66,64,65,60,25,25
Anton Forsberg,19,79,78,79,76,73,77,77,79,79,0,0,27,25
Eric O'Dell,19,65,72,70,72,69,68,72,70,70,65,70,26,25
Kevin Gravel,19,67,66,65,66,66,70,67,66,66,65,66,25,25
Barclay Goodrow,19,71,70,74,73,69,66,70,71,70,68,70,28,27
Seth Helgeson,19,72,68,73,72,70,67,70,68,70,69,67,28,25
Kenny Agostino,19,70,67,70,73,70,70,68,68,69,69,69,28,26
Josh Manson,19,72,68,76,71,68,60,70,70,70,72,64,28,25
Ryan Nugent-Hopkins,20,69,79,70,80,75,77,79,81,82,72,75,34,34
Nick Foligno,20,78,76,73,81,77,69,75,80,79,72,78,50,50
Matt Niskanen,20,70,77,72,79,76,71,76,79,77,77,72,49,49
Bryan Little,20,70,75,66,82,79,70,74,81,79,73,77,49,48
Chris Thorburn,20,76,66,78,74,70,59,69,71,71,72,70,48,48
Zach Parise,20,72,81,67,83,77,79,81,81,81,73,81,59,70
Mikhail Grabovski,20,74,80,62,78,66,75,80,76,76,68,73,43,41
Mike Cammalleri,20,66,80,64,79,64,78,79,77,79,65,78,64,65
Jonas Hiller,20,87,89,83,83,70,83,89,80,88,0,0,50,50
Shawn Horcoff,20,72,70,73,75,69,70,71,73,74,73,72,85,85
Eric Nystrom,20,76,76,73,76,77,68,76,71,68,70,71,50,49
Michal Rozsival,20,68,73,74,76,71,70,73,74,72,77,64,80,79
Duncan Keith,20,75,82,76,89,80,76,82,86,83,86,73,62,63
Shea Weber,20,84,76,84,86,80,64,76,83,80,85,79,58,59
Brian Campbell,20,66,79,67,81,80,85,79,78,79,74,70,75,75
Jordan Leopold,20,66,75,66,75,66,77,76,71,73,73,67,63,63
Anze Kopitar,20,72,82,78,84,80,80,82,84,84,77,78,61,61
John Curry,20,76,79,73,74,70,73,79,74,79,0,0,27,25
Linus Omark,20,60,75,62,75,70,75,75,75,77,59,69,28,28
Paul Gaustad,20,79,64,80,76,64,61,64,73,72,72,71,52,51
Andrew Cogliano,20,65,78,63,77,80,76,78,75,75,68,74,48,48
Kevin Hayes,20,70,72,74,74,70,75,71,75,71,70,72,27,27
Kyle Bigos,20,78,60,77,60,74,43,60,66,64,68,62,25,25
Lukas Kaspar,20,65,66,73,70,70,70,66,66,65,59,68,28,25
Brendan Mikkelson,20,58,72,73,68,65,75,72,70,68,68,58,30,30
Danny Biega,20,66,70,70,70,69,70,69,69,69,67,63,26,26
Anton Belov,20,67,72,72,73,70,68,72,71,70,72,69,25,25
Andreas Nodl,20,65,74,68,73,62,79,74,70,71,72,68,34,34
Teemu Hartikainen,20,68,69,70,72,72,68,70,70,70,63,71,26,26
Tim Stapleton,20,63,76,58,75,72,78,73,74,73,65,71,34,34
Brendan Shinnimin,20,70,74,63,72,70,70,72,69,70,67,67,26,26
Taylor Chorney,20,62,70,59,72,69,68,70,70,70,70,65,28,27
Patrick O'Sullivan,20,68,75,62,70,75,72,75,70,70,54,70,38,38
Mike Rupp,20,70,63,80,70,64,42,63,65,67,66,67,57,57
Anton Lander,20,66,72,69,74,71,75,71,73,71,67,71,29,28
Kirill Tulupov,20,74,60,74,65,65,55,60,62,62,65,54,25,25
Aleksander Barkov,20,66,74,76,77,72,77,71,74,73,67,73,28,28
Nathan Perkovich,20,68,62,75,66,66,67,62,66,64,62,67,25,25
Steve MacIntyre,20,85,55,85,67,55,58,55,63,63,63,50,30,30
Ryan Hamilton,20,70,67,76,73,72,70,67,70,70,67,70,26,31
Tyson Strachan,20,73,67,78,75,70,57,70,70,70,73,60,31,31
Kurt Sauer,20,60,65,70,60,35,63,65,70,70,70,50,54,54
Jacob Lagace,20,68,70,62,60,70,68,70,65,64,62,65,25,25
Marc Cheverie,20,74,75,77,70,70,77,75,65,75,0,0,25,25
Sergei Gayduchenko,20,75,75,80,70,65,78,75,70,75,0,0,25,25
Mark Eaton,20,60,70,70,70,60,78,70,70,70,70,60,62,62
Ben Street,20,66,70,68,72,69,70,70,69,70,60,69,26,25
Jerome Samson,20,72,71,67,71,69,67,71,69,69,60,69,26,26
Jeff Zatkoff,21,80,81,76,76,72,82,83,73,81,0,0,27,27
James Neal,21,76,79,75,79,60,60,77,77,81,72,79,44,44
Brian Strait,21,71,69,73,75,70,67,70,71,71,75,64,28,28
Jussi Jokinen,21,64,79,67,80,76,72,79,82,82,71,73,65,65
Mats Zuccarello,21,70,81,58,78,74,67,81,84,80,71,75,33,31
Dainius Zubrus,21,64,72,79,78,74,66,72,73,73,68,71,90,90
Alex Tanguay,21,69,78,69,77,68,70,78,79,76,70,75,83,82
Dmitry Kulikov,21,69,77,73,78,74,68,77,77,77,76,71,37,37
Stephen Weiss,21,63,79,66,77,64,73,79,76,77,70,71,66,66
Thomas Hickey,21,67,77,69,78,76,74,77,75,74,74,68,34,34
Matt Martin,21,81,72,78,76,76,45,72,71,72,66,71,36,36
John Carlson,21,74,76,79,84,84,78,76,81,75,77,75,37,37
Sheldon Souray,21,71,64,71,69,40,53,65,71,71,71,68,75,75
T.J. Galiardi,21,71,75,70,75,60,69,75,71,71,72,70,37,37
Alex Biega,21,64,73,65,72,68,68,72,70,70,70,65,26,26
Justin Abdelkader,21,75,78,75,78,76,65,77,75,75,73,75,38,38
Tyler Myers,21,74,72,82,80,68,65,73,75,75,78,73,37,37
Brenden Morrow,21,73,71,73,76,71,63,71,72,72,71,72,84,88
Brad Boyes,21,66,74,71,78,75,77,74,75,75,67,73,69,69
Jhonas Enroth,21,78,83,74,80,77,77,83,73,83,0,0,35,35
Chris Stewart,21,81,75,82,75,71,49,74,73,74,67,73,43,43
Alex Stalock,21,83,84,75,78,76,78,81,75,81,0,0,30,29
Charles Sarault,21,62,71,60,72,65,71,71,72,69,56,66,25,25
David Ullstrom,21,66,70,70,73,70,79,71,70,71,68,71,26,26
Maxime Sauve,21,64,70,58,71,71,71,70,67,70,68,68,26,25
Marc-Andre Gragnani,21,63,69,71,72,72,67,69,72,71,72,65,27,27
Landon Ferraro,21,66,70,68,70,68,69,70,68,70,66,68,26,26
Casey Wellman,21,65,76,65,72,68,78,76,72,72,62,71,26,26
Jesse Joensuu,21,72,69,75,73,70,72,70,69,70,68,70,27,27
Nick Crawford,21,65,69,68,70,65,71,69,66,67,68,60,25,25
Mike Dalhuisen,21,70,62,73,65,63,63,62,66,67,64,63,25,25
David Rundblad,21,66,70,72,75,70,74,70,73,71,72,69,28,28
Kirill Petrov,21,62,72,74,73,70,75,72,71,71,60,72,25,25
Cory Conacher,21,71,78,62,74,72,70,78,74,74,64,71,28,28
Riley Holzapfel,21,68,66,68,65,68,70,67,67,68,65,67,25,25
John Moore,21,66,76,75,75,70,76,76,72,72,72,66,31,31
Kevin Czuczman,21,69,68,69,71,70,68,68,69,68,68,66,26,26
Nino Neiderreiter,21,73,75,72,77,75,73,73,76,76,71,75,31,31
Matt Fraser,21,73,70,73,73,69,68,70,70,70,66,71,27,27
Matt Corrente,21,76,70,74,72,70,48,70,65,68,74,59,26,26
Philip Larsen,21,64,72,67,76,70,74,72,71,71,73,68,26,26
Alex Grant,21,66,66,71,71,65,68,66,69,66,69,66,26,26
David Perron,17,73,79,70,79,72,63,78,77,78,67,76,46,46
Patric Hornqvist,17,73,78,66,79,70,71,77,77,77,70,77,40,40
Cory Schneider,17,88,88,85,84,80,81,88,74,84,0,0,40,40
Erik Gudbranson,17,75,72,78,76,69,65,72,71,71,75,60,34,34
Ryan Reaves,17,81,70,81,76,74,48,71,71,71,70,70,32,30
Filip Kuba,17,61,68,68,68,63,66,68,68,66,67,62,74,74
Derek Stepan,17,66,76,71,81,77,78,77,81,80,74,74,40,40
Kevin Shattenkirk,17,66,76,70,80,70,67,77,82,81,78,74,40,40
Patrick Wiercioch,17,71,70,76,77,70,72,70,74,73,75,70,30,29
Tomas Kundratek,17,66,69,72,71,68,71,69,70,70,70,68,25,25
Frederik Andersen,17,82,85,86,82,71,79,88,76,88,0,0,32,32
Tommy Wingels,17,76,73,72,76,73,69,73,75,75,70,73,33,33
Nail Yakupov,17,63,77,67,75,70,75,77,75,77,61,73,33,29
Andrew Shaw,17,77,76,70,76,74,62,70,73,74,71,73,33,33
Jonathan Huberdeau,17,69,75,69,76,72,70,72,80,76,70,73,31,30
Mikael Granlund,17,66,78,66,76,67,74,76,80,77,72,72,34,30
Jon Merrill,17,70,70,73,75,68,73,71,73,72,74,69,30,27
Cody Eakin,17,72,77,70,77,76,74,75,76,74,70,74,34,34
Tyson Barrie,17,67,77,67,78,74,77,76,82,76,74,74,30,30
Michael Latta,17,75,69,72,73,69,54,70,71,70,70,70,27,27
Andrew Agozzino,17,64,67,69,70,70,69,71,69,71,62,71,26,26
Alexandre Burrows,17,77,78,72,77,71,63,77,73,74,70,73,62,62
Kevin Poulin,17,77,81,79,76,74,76,81,74,81,0,0,34,31
Kevin Connauton,17,73,70,73,74,71,69,70,72,71,70,71,27,27
Igor Bobkov,17,76,75,79,73,70,73,75,70,74,0,0,26,28
Jerry D'Amigo,17,67,75,68,72,70,73,75,69,69,67,68,26,26
Anders Lee,17,68,73,76,75,73,70,70,74,72,70,75,27,26
Linden Vey,17,68,72,68,73,73,72,71,72,73,70,71,27,27
Brett Connolly,17,73,73,70,73,70,69,70,70,70,69,71,28,26
Drew Shore,17,68,72,72,73,69,71,72,71,72,68,69,27,26
Calvin De Haan,17,69,76,70,75,63,70,75,74,73,74,68,28,28
T.J Tynan,17,63,69,62,65,63,68,68,66,67,66,67,25,25
Carey Price,23,89,92,89,87,83,84,92,81,91,0,0,49,49
Marc-Edouard Vlasic,23,68,77,73,81,75,73,77,75,78,82,70,60,60
Matt Stajan,23,64,73,66,75,70,72,73,72,72,71,71,67,67
Jordie Benn,23,71,73,71,76,70,72,73,74,72,75,66,30,30
Brooks Orpik,23,80,73,78,79,70,65,74,74,72,82,54,70,75
Dougie Hamilton,23,72,72,74,78,72,75,74,79,76,77,73,31,31
Eric Gryba,23,78,65,80,75,72,60,65,72,71,77,62,29,29
Tomas Plekanec,23,68,80,67,81,81,71,80,81,82,76,78,68,68
Marcus Foligno,23,74,72,77,76,68,60,71,74,73,68,71,28,26
Sean Monahan,23,68,74,69,80,77,78,74,79,77,68,79,30,30
Raffi Torres,23,70,68,73,70,61,63,68,70,70,64,69,60,60
Paul Martin,23,63,76,72,82,57,80,76,75,76,78,70,65,65
Jamie Benn,23,78,79,78,83,78,63,79,87,80,71,82,40,40
Todd Bertuzzi,23,70,63,75,70,55,57,64,70,71,67,69,89,89
Andy Greene,23,68,76,69,81,72,79,76,75,75,78,70,50,50
Benoit Pouliot,23,73,75,74,76,68,69,75,76,74,70,75,40,40
Tomas Tatar,23,72,79,66,77,74,73,77,78,76,70,79,33,33
Dustin Penner,23,70,65,80,72,69,72,62,72,72,68,70,54,54
Peter Budaj,23,77,80,76,76,76,81,80,76,80,0,0,47,47
Chris Neil,23,83,70,79,76,73,25,70,70,70,70,69,70,80
Loui Eriksson,23,66,80,72,80,74,83,80,78,78,72,75,59,59
Brock Nelson,23,71,74,76,77,74,74,74,76,74,70,75,30,30
Jeff Deslauriers,23,72,78,81,78,78,75,78,68,79,0,0,34,34
Matthew Lombardi,23,66,75,66,73,50,72,75,70,70,68,69,49,49
David Pacan,23,67,69,67,67,67,73,69,70,69,64,69,25,25
Ryan White,23,80,72,72,73,59,55,70,71,72,71,71,32,32
Carson McMillan,23,66,62,68,73,70,69,66,68,65,70,66,28,26
Sergei Kostitsyn,23,61,76,69,75,75,72,76,73,73,64,70,42,42
Mike Weber,23,77,69,77,76,71,53,70,71,71,74,61,36,36
Chris Brown,23,72,72,74,72,71,61,71,69,69,63,68,26,26
Jamie Devane,23,82,67,85,69,60,53,70,65,70,65,65,25,25
Zach Boychuk,23,66,73,65,74,72,76,72,71,72,65,70,29,29
Marc-Andre Cliche,23,72,74,72,74,71,77,73,70,70,71,67,30,30
Colton Sceviour,23,68,73,70,74,69,73,74,72,72,68,73,27,26
Will Weber,23,68,64,75,69,67,67,69,69,69,65,55,25,25
Mike Kostka,23,71,69,75,74,72,68,69,73,69,73,65,27,27
Danny Taylor,23,76,76,71,73,74,81,76,66,76,0,0,25,25
Joonas Rask,23,60,72,58,72,70,75,72,64,67,66,63,26,26
Erik Condra,22,70,75,68,77,75,72,74,73,72,73,70,34,34
Dennis Seidenberg,22,72,72,75,79,72,72,72,73,75,79,71,60,60
Bryan Allen,22,74,70,78,76,72,67,70,70,70,76,56,70,70
Ben Bishop,22,86,87,92,83,72,79,87,80,87,0,0,34,34
Mattias Ekholm,22,74,67,77,75,73,70,70,71,72,75,70,29,29
Jason Spezza,22,66,75,74,80,66,77,75,85,83,67,74,72,72
Vladimir Tarasenko,22,72,80,72,79,72,73,81,81,79,71,82,31,31
Jonathan Quick,22,86,92,84,90,84,85,92,80,92,0,0,52,52
Michael Bournival,22,64,74,68,72,70,76,74,69,72,71,69,27,27
Kris Russell,22,71,76,67,79,71,79,75,78,75,77,71,50,50
Greg Campbell,22,77,73,73,75,77,68,73,70,72,74,70,58,58
Niklas Kronwall,22,78,78,77,84,79,71,78,82,79,78,74,60,60
Joni Pitkanen,22,69,76,76,75,40,68,76,75,74,75,67,53,53
Patrick Bordeleau,22,84,66,86,68,68,49,67,67,69,68,67,30,30
Rick Nash,22,73,78,80,81,71,68,78,79,84,68,85,77,77
Nikita Nikitin,22,64,75,76,78,65,78,75,73,73,75,69,34,34
Darren Helm,22,74,80,66,76,64,81,80,73,72,75,72,40,38
Keith Kinkaid,22,80,80,80,75,76,80,81,71,81,0,0,27,27
P-A Parenteau,22,74,73,68,77,73,65,73,76,78,66,72,38,41
Mark Letestu,22,65,76,66,76,68,85,75,73,76,68,72,34,34
Jason Chimera,22,72,77,75,76,82,66,77,72,73,73,70,75,72
Patrik Elias,22,66,77,70,79,76,82,77,78,76,68,74,90,90
John Tavares,22,72,78,73,84,73,74,78,87,86,68,84,43,48
Alexander Urbom,22,74,69,75,74,70,61,69,68,66,72,50,26,26
Steve Quailer,22,66,69,70,68,65,63,69,67,69,64,64,25,25
Paul Postma,22,67,69,71,74,71,76,70,73,71,73,66,28,27
Dustin Jeffrey,22,67,68,74,74,72,76,68,74,72,65,70,28,26
Viktor Tikhonov,22,65,73,69,73,72,69,73,70,70,63,69,26,26
Radek Martinek,22,64,70,72,73,67,75,70,70,71,72,58,47,47
Cody Goloubef,22,68,69,72,73,71,70,70,70,70,73,61,27,25
Vinny Saponari,22,64,71,66,66,75,73,71,66,62,63,64,25,25
Nick Jensen,22,56,72,63,71,70,77,72,67,64,66,64,25,25
Tyler Shattock,22,68,65,70,69,68,66,65,65,65,60,65,25,25
Carl Klingberg,22,63,72,73,72,70,71,72,69,69,62,65,26,26
Ian Cole,22,70,70,76,75,70,72,71,71,71,74,65,31,31
Brandon McMillan,22,63,77,66,74,70,75,77,71,73,67,70,30,29
Richard Panik,22,74,75,73,74,72,69,74,71,73,58,72,30,27
Brandon Burlon,22,65,68,68,70,68,71,68,68,68,67,60,25,25
Curtis McKenzie,22,72,70,72,73,70,63,70,70,70,68,69,26,26
Peter Regin,22,67,74,67,74,67,75,74,73,71,67,70,33,31
Gabriel Dumont,22,73,73,63,73,63,61,73,69,70,69,67,27,27
Mitch Callahan,22,69,69,65,69,66,67,68,67,70,69,70,25,25
Tom Kuhnhackl,22,67,64,68,67,65,68,66,65,64,66,66,25,25
Kris Versteeg,24,70,79,62,76,65,73,79,78,77,72,74,45,44
Tomas Fleischmann,24,66,78,69,77,74,73,79,77,76,67,70,53,48
Nick Leddy,24,68,77,70,80,80,84,77,78,77,80,74,40,40
Kyle Turris,24,68,80,67,82,77,71,80,81,78,72,77,38,38
Colin Greening,24,74,76,77,74,74,70,76,68,71,66,69,35,35
Joffrey Lupul,24,71,77,72,77,43,71,77,76,78,67,74,60,60
Ryan McDonagh,24,74,77,77,82,73,71,77,77,77,80,72,33,33
Chuck Olivier-Roussel,24,63,64,66,63,63,68,65,63,64,64,60,25,25
Tyler Bozak,24,72,78,71,80,70,77,79,77,78,71,76,39,37
Alex Goligoski,24,66,81,66,81,73,74,81,79,78,77,70,44,42
Marc Methot,24,72,70,80,79,65,72,70,73,72,80,67,43,43
Brandon Crombeen,24,83,69,82,74,75,46,69,69,70,71,69,43,43
Matt Moulson,24,69,75,74,80,77,83,77,78,77,67,75,46,46
John Mitchell,24,72,72,74,76,70,73,72,74,73,71,72,40,40
Tuukka Rask,24,89,90,88,85,78,86,90,77,90,0,0,40,40
Devan Dubnyk,24,83,83,94,79,76,77,83,75,83,0,0,37,37
Kristopher Letang,24,70,81,69,81,53,70,81,83,82,74,77,48,48
Lee Stempniak,24,67,78,66,77,72,71,78,75,74,67,74,64,64
Ryan Kesler,24,76,75,77,80,72,60,76,78,77,75,75,66,66
Jaden Schwartz,24,70,77,70,77,74,77,77,80,76,73,78,32,32
Dmitry Orlov,24,72,74,73,73,65,73,74,73,70,73,68,27,27
Brendan Smith,24,77,76,71,78,68,64,76,73,72,74,69,29,29
Matt Beleskey,24,80,72,74,74,71,64,73,72,72,65,74,39,39
Andrew Gordon,24,70,73,63,73,70,73,73,72,72,65,69,30,30
Darcy Kuemper,24,81,81,83,77,74,79,82,76,83,0,0,31,31
Cedrick Desjardins,24,79,80,72,74,60,73,80,69,80,0,0,26,26
Gilbert Brule,24,62,74,63,70,58,75,74,70,70,64,70,38,38
Mark Stone,24,70,72,75,76,72,78,74,77,74,71,74,29,29
Anton Babchuk,24,64,68,76,74,63,73,68,70,70,70,69,40,40
Ian White,24,62,71,62,71,67,75,72,71,71,68,70,50,50
Chet Pickard,24,75,74,78,74,72,75,74,64,74,0,0,25,25
Patrick Killeen,24,75,75,77,70,70,68,75,65,75,0,0,25,25
Brian Lee,24,62,73,73,74,69,68,73,73,72,73,60,29,29
Spencer Machacek,24,74,71,67,73,65,65,71,72,70,71,68,26,26
Jim O'Brien,24,65,69,73,73,68,74,69,68,68,72,73,27,27
Eric Tangradi,24,73,68,79,74,70,70,68,70,71,69,67,30,28
Brandon Gormley,24,70,70,71,72,71,71,70,72,71,71,70,26,26
Evgeny Dadonov,24,63,75,62,71,69,77,75,71,72,63,71,27,27
Chris Kreider,24,75,77,78,76,71,60,77,77,73,72,74,31,31
Jakob Silfverberg,24,68,75,71,76,75,75,74,73,73,71,73,31,31
Kris Foucault,24,68,67,70,68,66,67,67,66,65,67,68,25,25
Carter Ashton,24,74,68,76,74,70,66,70,70,71,70,67,27,26
Robin Lehner,24,83,83,86,78,78,77,83,75,81,0,0,30,28
Nick Bjugstad,24,72,72,79,76,74,72,72,75,75,68,75,32,30
Matt Gilroy,25,66,71,68,72,64,76,71,69,69,70,64,35,35
Zack Fitzgerald,25,88,58,81,67,67,25,58,58,62,60,52,25,25
Brett Festerling,25,65,63,72,68,65,59,63,58,66,68,55,30,30
Andrew Desjardins,25,75,71,73,74,67,60,71,70,70,69,69,34,34
Matt Kassian,25,80,60,87,68,63,50,60,63,63,60,59,28,28
Michal Neuvirth,25,82,84,77,77,76,77,84,75,82,0,0,37,37
Benn Ferriero,25,70,71,66,68,68,69,71,71,70,55,68,30,30
Marcus Kruger,25,69,74,67,75,75,76,74,72,73,71,70,34,34
Cody Kunyk,25,68,69,64,68,69,70,67,67,66,67,65,27,27
Alexander Sulzer,25,64,69,71,71,71,67,69,68,68,69,62,29,29
Justin Schultz,25,64,76,68,78,75,79,76,78,77,71,73,32,32
Matt Pelech,25,84,63,84,70,68,38,64,64,63,69,52,26,26
Matt Lashoff,25,67,66,70,69,67,65,66,63,63,66,62,26,26
Jared Boll,25,87,67,83,73,67,35,69,68,69,69,62,45,45
Karri Ramo,25,80,83,82,78,77,79,83,76,82,0,0,32,32
Trevor Gillies,25,83,58,87,60,55,30,59,59,59,59,44,27,27
Yannick Weber,25,65,75,67,74,70,74,72,72,72,73,72,33,33
Jordin Tootoo,25,83,73,74,73,67,50,73,67,70,64,68,58,58
Jay Rosehill,25,88,70,85,72,72,28,70,64,68,63,60,30,30
Riley Nash,25,72,73,71,74,71,76,73,72,71,71,70,30,30
Darroll Powe,25,75,67,74,71,73,58,67,64,69,69,66,37,37
Patrik Nemeth,25,71,65,73,73,70,73,65,71,73,73,63,27,27
Richard Bachman,25,79,82,72,76,74,68,82,73,82,0,0,27,27
Brandon Kozun,25,62,76,56,72,68,72,75,70,70,65,70,26,26
Scott Wedgewood,25,74,77,74,72,74,77,76,78,79,0,0,25,25
Alexandre Picard,25,62,70,70,70,69,69,70,69,69,72,64,40,38
Nick Johnson,25,71,70,70,72,73,73,70,71,70,65,69,29,29
David Makowski,25,64,65,67,66,66,70,65,66,63,65,61,25,25
Viktor Loov,25,69,65,69,67,65,69,63,65,65,66,64,25,25
Wojtek Wolski,25,60,73,72,72,68,81,73,71,73,61,71,46,46
Anders Lindback,25,81,81,89,79,75,74,81,74,81,0,0,32,30
Mark Alt,25,66,66,67,69,67,68,68,69,66,66,64,26,25
Brandon Pirri,25,68,75,65,74,71,76,74,72,73,69,75,29,26
Max Reinhart,25,69,70,67,70,70,73,70,69,69,68,67,26,25
Brian Gibbons,25,67,75,58,73,70,77,74,73,73,69,71,30,30
Dany Heatley,25,65,73,75,74,72,78,73,72,73,62,71,79,79
Drew Leblanc,25,62,69,68,68,70,73,68,69,69,68,68,25,25
Klas Dahlbeck,25,70,67,72,70,66,74,69,70,70,70,68,26,25
Jason Zucker,26,71,79,66,76,71,74,78,72,72,69,76,30,29
Ryan Carter,26,77,74,73,75,73,70,74,71,72,68,70,41,39
Chris Tanev,26,68,74,74,78,70,79,74,75,74,78,65,36,34
Antti Niemi,26,87,90,80,85,78,81,89,75,89,0,0,44,40
Justin Peters,26,81,82,79,78,77,76,81,68,81,0,0,35,30
Andrew Ference,26,75,76,69,79,73,68,76,74,75,75,64,80,80
Joe Pavelski,26,70,78,68,83,80,75,78,81,80,75,84,57,57
Mark Giordano,26,75,77,73,82,68,67,77,82,81,80,77,48,49
Charlie Coyle,26,72,71,78,76,75,72,72,76,75,67,73,29,29
Jake Muzzin,26,77,70,79,79,74,72,71,78,77,78,72,35,34
Jason Pominville,26,67,79,68,81,78,86,78,81,81,70,76,64,64
Shane Doan,26,76,70,78,80,88,62,70,75,76,73,74,99,99
David Krejci,26,75,78,70,82,69,77,79,82,81,74,73,57,58
James Sheppard,26,71,73,76,75,70,73,72,74,72,69,70,37,33
Dustin Byfuglien,26,81,66,87,83,72,55,69,82,79,77,80,55,52
David Booth,26,65,78,71,75,50,78,78,72,72,68,71,47,44
Tuomo Ruutu,26,74,73,73,76,50,67,73,73,73,66,71,60,60
Justin Fontaine,26,64,76,64,74,71,78,74,74,73,70,73,30,28
Matt Duchene,26,76,84,70,82,74,80,84,82,81,70,77,43,46
Brian Boyle,26,74,70,85,76,76,62,71,72,73,71,73,44,44
Fedor Tyutin,26,72,75,76,79,70,72,74,75,73,77,68,64,64
Ladislav Smid,26,74,70,77,76,70,67,70,68,70,75,63,50,50
Marek Zidlicky,26,70,75,60,79,79,64,75,78,76,71,73,70,65
Tom Pyatt,26,64,74,68,73,69,77,72,71,72,68,70,35,33
Joe Cannata,26,80,75,78,80,75,73,79,70,76,0,0,25,25
Luke Adam,26,66,66,75,73,69,70,66,71,71,68,71,27,27
Taylor Fedun,26,68,73,68,70,69,75,73,71,69,70,62,26,25
Stanislav Galiev,26,69,74,69,70,67,72,74,71,72,67,70,25,25
Troy Bodie,26,74,71,76,74,72,68,71,69,72,69,66,29,26
Jason Akeson,26,70,73,65,72,70,71,72,73,72,60,69,26,27
Calvin Pickard,26,79,80,79,76,72,81,77,75,80,0,0,27,27
Korbinian Holzer,26,72,66,75,73,69,63,66,72,72,73,68,28,28
Tobias Rieder,26,66,74,66,75,70,71,73,71,71,68,72,30,27
Mark Arcobello,26,67,77,60,74,71,77,77,73,74,65,73,29,29
Cole Schneider,26,71,68,74,72,70,68,68,67,67,63,69,25,25
Zack Mitchell,26,66,65,66,65,66,72,65,65,65,66,66,25,25
Martin Marincin,26,68,70,71,73,71,73,70,70,69,73,63,27,26
Robert Bortuzzo,26,70,66,76,74,71,63,69,74,71,74,60,29,29
Scott Mayfield,26,70,65,70,68,67,60,65,67,66,69,64,31,25
Sami Salo,26,65,70,71,71,50,80,71,72,72,73,69,78,78
Joonas Nattinen,26,65,66,66,70,65,69,66,66,67,66,66,25,25
Lane MacDermid,26,80,66,85,71,65,43,64,64,65,64,55,26,25
Simon Despres,26,72,75,76,74,70,69,75,73,73,74,66,29,27
Jeremy Smith,26,75,78,74,73,73,80,78,67,78,0,0,25,25
Drayson Bowman,26,68,75,68,75,75,78,73,72,72,68,71,31,26
Adam Comrie,26,67,64,68,65,65,65,65,67,68,66,62,25,25
Taylor Doherty,26,70,62,74,72,68,71,68,61,68,69,60,26,26
Dane Fox,26,73,65,70,64,63,63,65,64,64,64,67,25,25
Petr Straka,26,65,68,69,70,66,70,69,69,69,67,66,26,25
Casey Cizikas,26,71,75,71,76,72,75,73,73,73,70,72,32,30
Alex Pietrangelo,27,74,77,79,84,79,77,77,83,78,78,73,38,38
Mark Streit,27,70,76,65,82,73,72,76,84,81,74,74,57,57
Matt Greene,27,81,66,82,79,69,70,68,68,69,79,58,51,51
Carl Soderberg,27,70,78,73,77,73,74,78,79,77,71,72,36,34
Roberto Luongo,27,81,90,83,87,77,80,90,78,88,0,0,84,85
Taylor Hall,27,78,85,74,82,62,73,85,82,83,67,78,38,38
Gustav Nyquist,27,72,80,66,78,73,77,80,79,79,68,78,31,31
Ilja Bryzgalov,27,78,80,81,76,76,82,80,77,79,0,0,65,63
Andrei Loktionov,27,62,71,63,72,70,76,74,71,72,66,70,31,31
Tyler Kennedy,27,73,75,65,74,65,73,75,72,72,69,70,45,45
Kevin Klein,27,72,74,75,78,71,76,74,73,74,79,72,47,47
Jared Spurgeon,27,63,79,63,79,68,79,79,77,77,76,72,37,37
Brenden Dillon,27,76,70,78,78,73,60,70,70,70,77,69,33,33
Nate Thompson,27,76,72,77,75,72,72,72,73,73,71,71,41,41
Mikkel Boedker,27,63,83,68,79,70,77,83,77,77,69,75,43,43
Ryan Getzlaf,27,78,76,80,84,70,71,76,86,84,77,78,70,78
Johan Franzen,27,77,72,77,77,53,71,72,75,74,72,74,58,58
Leo Komarov,27,80,75,72,76,69,72,75,74,73,73,71,30,30
Jaromir Jagr,27,66,74,77,78,72,73,75,81,82,60,76,99,90
Scott Hannan,27,71,65,76,76,75,72,65,70,69,75,57,82,82
Marian Gaborik,27,62,88,69,77,49,82,88,78,83,65,79,79,79
Ryan O'Byrne,27,76,67,79,74,68,59,67,67,67,74,60,36,36
Harri Sateri,27,77,77,77,74,70,73,77,67,77,0,0,25,25
Allen York,27,78,78,78,76,70,73,78,67,78,0,0,26,26
Nikita Kucherov,27,66,79,67,77,75,75,78,78,77,65,78,30,29
Ed Jovanovski,27,71,62,71,70,42,69,62,70,70,70,62,90,90
Radoslav Illo,27,58,67,63,68,65,68,67,62,60,55,58,25,25
Jose Theodore,27,76,77,72,76,77,77,78,59,77,0,0,82,82
John Negrin,27,69,63,68,70,67,61,63,60,60,65,55,26,26
Josh Unice,27,68,76,62,72,72,80,76,62,76,0,0,26,25
Sergei Andronov,27,68,70,72,70,66,65,70,68,65,58,64,26,25
Nick Petersen,27,66,65,72,69,65,63,65,64,62,56,60,25,25
Justin Jokinen,27,66,64,70,70,70,68,64,65,60,55,58,25,25
Chris Terry,27,66,75,64,75,71,72,70,72,71,60,72,27,27
Jason Gregoire,27,62,66,70,70,68,75,66,60,64,58,62,25,25
Alex Galchenyuk,27,70,78,73,78,71,73,75,79,78,71,74,30,30
Petr Mrazek,27,79,85,80,78,75,80,85,77,84,0,0,28,28
Alexei Marchenko,27,68,68,73,70,70,72,70,70,71,70,68,26,25
Maxim Kitsyn,27,66,66,67,65,65,68,66,67,66,66,66,25,25
Patrick McNally,27,65,66,67,65,60,70,66,66,67,68,62,25,25
Mark MacMillan,27,62,69,62,69,65,68,68,67,66,67,66,25,25
Arron Asham,27,75,71,71,70,58,43,71,66,65,65,69,76,76
Ales Kotalik,1,56,72,72,67,65,78,72,69,70,61,69,54,54
Alexander Radulov,1,65,81,70,78,71,60,81,75,79,63,74,35,35
Patrice Cormier,1,75,69,75,72,70,54,69,66,69,70,67,28,28
Raphael Diaz,1,67,76,69,75,70,75,76,72,73,75,66,31,31
Mike Brown,1,81,75,79,73,67,53,75,67,68,70,63,36,36
Zack Stortini,1,88,65,85,70,70,34,65,65,65,67,65,37,37
Richard Jackman,1,62,61,65,63,65,70,61,62,61,61,61,45,45
Frazer McLaren,1,80,66,85,70,75,40,66,66,68,66,62,32,34
Cody Hodgson,1,66,76,73,77,71,78,76,74,75,63,73,35,35
Tim Thomas,1,79,81,75,75,66,71,82,73,81,0,0,71,68
Chuck Kobasew,1,72,73,67,72,52,68,72,67,67,66,68,58,58
Phil Oreskovic,1,73,58,77,66,65,40,58,64,61,63,58,26,26
Jason Demers,1,72,74,71,77,75,70,74,76,75,75,70,39,39
Boone Jenner,1,70,72,73,74,68,70,72,74,73,72,74,29,31
Shaun Heshka,1,65,66,67,72,70,75,66,70,65,71,63,26,26
Alec Martinez,1,70,74,75,78,67,79,74,76,76,75,73,36,36
Patrick Kaleta,1,81,72,76,73,53,45,72,65,70,69,64,41,41
Antti Miettinen,1,55,71,60,72,72,76,71,71,70,69,68,52,52
Henrik Tallinder,1,67,70,75,72,60,75,70,70,68,72,62,65,65
Jamie McBain,1,67,75,74,75,68,80,75,73,73,73,69,35,35
Randy Jones,1,64,70,70,68,55,66,70,67,67,69,63,40,40
Jason Labarbera,1,77,79,79,74,73,76,79,77,79,0,0,50,46
Colin White,1,72,61,74,68,58,65,61,63,63,68,52,76,76
Tim Kennedy,1,64,72,62,72,67,68,72,72,71,67,69,32,32
Jay McClement,1,66,75,70,76,78,78,75,71,74,74,70,63,63
David Legwand,1,61,78,70,76,62,74,79,76,75,73,72,87,87
Martin Erat,1,66,78,70,77,76,72,78,76,76,67,70,70,70
Stefan Legein,1,64,67,62,67,64,62,68,68,68,64,65,25,25
Shane O'Brien,1,78,67,80,73,72,33,67,69,70,71,57,51,51
Emerson Etem,1,67,74,73,74,71,77,74,70,71,68,70,27,27
Trevor Cann,1,74,74,66,73,70,73,74,65,74,0,0,25,25
Danny Kristo,1,63,73,60,70,65,71,73,70,70,60,69,25,25
Brad Lukowich,1,51,68,68,70,70,69,68,68,68,68,64,70,74
Mattias Ritola,1,65,68,64,73,65,70,68,72,70,68,70,27,27
Jaroslav Janus,1,76,77,72,73,70,73,77,66,77,0,0,25,25
Brian McGrattan,1,85,62,83,70,68,43,68,63,66,59,61,36,36
Jonathon Kalinski,1,70,70,66,70,70,63,70,70,68,65,68,25,25
Cory Murphy,1,58,66,65,65,60,63,66,66,66,66,66,27,27
Jarred Tinordi,1,70,67,76,72,71,68,70,68,70,70,68,27,27
Todd Fedoruk,1,74,60,74,63,65,33,60,65,65,63,60,54,54
Patrick Davis,1,63,66,67,69,68,68,66,67,67,57,65,25,25
Ilya Zubov,1,60,70,64,70,68,71,70,71,67,60,65,25,25
George Parros,1,89,64,89,70,50,33,64,63,65,63,61,46,46
Jordan Hendry,1,69,69,69,70,70,73,69,68,68,68,56,31,31
Jimmy Hayes,1,73,69,81,75,72,75,71,72,72,66,74,29,28
